index,Producao,Falta de operador,Reunioes,Intervalo,Reajustes,Desgaste de ferramenta,Conferencia de Kanban,Intervalos,Medicao,Falta de ferramenta,Limpeza,Treinamentos
0,58,131,2993,190,118,186,181,278,668,4072,1906,0.0
1,59,268,4214,182,310,148,307,296,195,0,0,0.0
2,61,125,0,144,147,204,411,395,516,0,0,0.0
3,60,160,0,131,156,139,147,1800,642,0,0,0.0
4,58,219,0,228,158,183,213,282,549,0,0,0.0
5,58,285,0,0,120,127,253,1800,184,0,0,0.0
6,60,265,0,0,291,158,406,289,611,0,0,0.0
7,60,150,0,0,156,132,230,1800,664,0,0,0.0
8,64,192,0,0,208,154,440,427,436,0,0,0.0
9,55,127,0,0,224,160,336,1800,480,0,0,0.0
10,62,158,0,0,175,0,239,923,376,0,0,0.0
11,61,203,0,0,173,0,276,0,681,0,0,0.0
12,60,129,0,0,132,0,189,0,0,0,0,0.0
13,61,133,0,0,154,0,139,0,0,0,0,0.0
14,62,240,0,0,132,0,275,0,0,0,0,0.0
15,62,186,0,0,117,0,273,0,0,0,0,0.0
16,59,158,0,0,349,0,381,0,0,0,0,0.0
17,61,179,0,0,112,0,251,0,0,0,0,0.0
18,57,156,0,0,123,0,179,0,0,0,0,0.0
19,60,221,0,0,148,0,462,0,0,0,0,0.0
20,59,135,0,0,158,0,0,0,0,0,0,0.0
21,64,189,0,0,123,0,0,0,0,0,0,0.0
22,64,0,0,0,336,0,0,0,0,0,0,0.0
23,60,0,0,0,114,0,0,0,0,0,0,0.0
24,62,0,0,0,166,0,0,0,0,0,0,0.0
25,63,0,0,0,200,0,0,0,0,0,0,0.0
26,62,0,0,0,286,0,0,0,0,0,0,0.0
27,61,0,0,0,200,0,0,0,0,0,0,0.0
28,61,0,0,0,200,0,0,0,0,0,0,0.0
29,58,0,0,0,146,0,0,0,0,0,0,0.0
30,62,0,0,0,313,0,0,0,0,0,0,0.0
31,61,0,0,0,170,0,0,0,0,0,0,0.0
32,58,0,0,0,115,0,0,0,0,0,0,0.0
33,60,0,0,0,294,0,0,0,0,0,0,0.0
34,60,0,0,0,255,0,0,0,0,0,0,0.0
35,58,0,0,0,130,0,0,0,0,0,0,0.0
36,57,0,0,0,234,0,0,0,0,0,0,0.0
37,59,0,0,0,323,0,0,0,0,0,0,0.0
38,58,0,0,0,141,0,0,0,0,0,0,0.0
39,58,0,0,0,0,0,0,0,0,0,0,0.0
40,56,0,0,0,0,0,0,0,0,0,0,0.0
41,57,0,0,0,0,0,0,0,0,0,0,0.0
42,60,0,0,0,0,0,0,0,0,0,0,0.0
43,57,0,0,0,0,0,0,0,0,0,0,0.0
44,58,0,0,0,0,0,0,0,0,0,0,0.0
45,56,0,0,0,0,0,0,0,0,0,0,0.0
46,58,0,0,0,0,0,0,0,0,0,0,0.0
47,58,0,0,0,0,0,0,0,0,0,0,0.0
48,60,0,0,0,0,0,0,0,0,0,0,0.0
49,59,0,0,0,0,0,0,0,0,0,0,0.0
50,58,0,0,0,0,0,0,0,0,0,0,0.0
51,61,0,0,0,0,0,0,0,0,0,0,0.0
52,59,0,0,0,0,0,0,0,0,0,0,0.0
53,58,0,0,0,0,0,0,0,0,0,0,0.0
54,60,0,0,0,0,0,0,0,0,0,0,0.0
55,59,0,0,0,0,0,0,0,0,0,0,0.0
56,58,0,0,0,0,0,0,0,0,0,0,0.0
57,58,0,0,0,0,0,0,0,0,0,0,0.0
58,59,0,0,0,0,0,0,0,0,0,0,0.0
59,59,0,0,0,0,0,0,0,0,0,0,0.0
60,59,0,0,0,0,0,0,0,0,0,0,0.0
61,61,0,0,0,0,0,0,0,0,0,0,0.0
62,58,0,0,0,0,0,0,0,0,0,0,0.0
63,60,0,0,0,0,0,0,0,0,0,0,0.0
64,61,0,0,0,0,0,0,0,0,0,0,0.0
65,57,0,0,0,0,0,0,0,0,0,0,0.0
66,64,0,0,0,0,0,0,0,0,0,0,0.0
67,60,0,0,0,0,0,0,0,0,0,0,0.0
68,56,0,0,0,0,0,0,0,0,0,0,0.0
69,57,0,0,0,0,0,0,0,0,0,0,0.0
70,62,0,0,0,0,0,0,0,0,0,0,0.0
71,59,0,0,0,0,0,0,0,0,0,0,0.0
72,58,0,0,0,0,0,0,0,0,0,0,0.0
73,60,0,0,0,0,0,0,0,0,0,0,0.0
74,63,0,0,0,0,0,0,0,0,0,0,0.0
75,61,0,0,0,0,0,0,0,0,0,0,0.0
76,59,0,0,0,0,0,0,0,0,0,0,0.0
77,57,0,0,0,0,0,0,0,0,0,0,0.0
78,60,0,0,0,0,0,0,0,0,0,0,0.0
79,56,0,0,0,0,0,0,0,0,0,0,0.0
80,59,0,0,0,0,0,0,0,0,0,0,0.0
81,59,0,0,0,0,0,0,0,0,0,0,0.0
82,64,0,0,0,0,0,0,0,0,0,0,0.0
83,57,0,0,0,0,0,0,0,0,0,0,0.0
84,59,0,0,0,0,0,0,0,0,0,0,0.0
85,57,0,0,0,0,0,0,0,0,0,0,0.0
86,57,0,0,0,0,0,0,0,0,0,0,0.0
87,59,0,0,0,0,0,0,0,0,0,0,0.0
88,58,0,0,0,0,0,0,0,0,0,0,0.0
89,58,0,0,0,0,0,0,0,0,0,0,0.0
90,56,0,0,0,0,0,0,0,0,0,0,0.0
91,62,0,0,0,0,0,0,0,0,0,0,0.0
92,58,0,0,0,0,0,0,0,0,0,0,0.0
93,61,0,0,0,0,0,0,0,0,0,0,0.0
94,62,0,0,0,0,0,0,0,0,0,0,0.0
95,58,0,0,0,0,0,0,0,0,0,0,0.0
96,57,0,0,0,0,0,0,0,0,0,0,0.0
97,58,0,0,0,0,0,0,0,0,0,0,0.0
98,60,0,0,0,0,0,0,0,0,0,0,0.0
99,60,0,0,0,0,0,0,0,0,0,0,0.0
100,63,0,0,0,0,0,0,0,0,0,0,0.0
101,58,0,0,0,0,0,0,0,0,0,0,0.0
102,58,0,0,0,0,0,0,0,0,0,0,0.0
103,61,0,0,0,0,0,0,0,0,0,0,0.0
104,58,0,0,0,0,0,0,0,0,0,0,0.0
105,59,0,0,0,0,0,0,0,0,0,0,0.0
106,63,0,0,0,0,0,0,0,0,0,0,0.0
107,63,0,0,0,0,0,0,0,0,0,0,0.0
108,59,0,0,0,0,0,0,0,0,0,0,0.0
109,58,0,0,0,0,0,0,0,0,0,0,0.0
110,60,0,0,0,0,0,0,0,0,0,0,0.0
111,62,0,0,0,0,0,0,0,0,0,0,0.0
112,59,0,0,0,0,0,0,0,0,0,0,0.0
113,62,0,0,0,0,0,0,0,0,0,0,0.0
114,57,0,0,0,0,0,0,0,0,0,0,0.0
115,57,0,0,0,0,0,0,0,0,0,0,0.0
116,60,0,0,0,0,0,0,0,0,0,0,0.0
117,60,0,0,0,0,0,0,0,0,0,0,0.0
118,60,0,0,0,0,0,0,0,0,0,0,0.0
119,58,0,0,0,0,0,0,0,0,0,0,0.0
120,61,0,0,0,0,0,0,0,0,0,0,0.0
121,62,0,0,0,0,0,0,0,0,0,0,0.0
122,60,0,0,0,0,0,0,0,0,0,0,0.0
123,57,0,0,0,0,0,0,0,0,0,0,0.0
124,58,0,0,0,0,0,0,0,0,0,0,0.0
125,63,0,0,0,0,0,0,0,0,0,0,0.0
126,59,0,0,0,0,0,0,0,0,0,0,0.0
127,57,0,0,0,0,0,0,0,0,0,0,0.0
128,56,0,0,0,0,0,0,0,0,0,0,0.0
129,57,0,0,0,0,0,0,0,0,0,0,0.0
130,57,0,0,0,0,0,0,0,0,0,0,0.0
131,58,0,0,0,0,0,0,0,0,0,0,0.0
132,56,0,0,0,0,0,0,0,0,0,0,0.0
133,64,0,0,0,0,0,0,0,0,0,0,0.0
134,55,0,0,0,0,0,0,0,0,0,0,0.0
135,55,0,0,0,0,0,0,0,0,0,0,0.0
136,54,0,0,0,0,0,0,0,0,0,0,0.0
137,55,0,0,0,0,0,0,0,0,0,0,0.0
138,55,0,0,0,0,0,0,0,0,0,0,0.0
139,56,0,0,0,0,0,0,0,0,0,0,0.0
140,61,0,0,0,0,0,0,0,0,0,0,0.0
141,63,0,0,0,0,0,0,0,0,0,0,0.0
142,57,0,0,0,0,0,0,0,0,0,0,0.0
143,61,0,0,0,0,0,0,0,0,0,0,0.0
144,61,0,0,0,0,0,0,0,0,0,0,0.0
145,59,0,0,0,0,0,0,0,0,0,0,0.0
146,61,0,0,0,0,0,0,0,0,0,0,0.0
147,59,0,0,0,0,0,0,0,0,0,0,0.0
148,58,0,0,0,0,0,0,0,0,0,0,0.0
149,61,0,0,0,0,0,0,0,0,0,0,0.0
150,62,0,0,0,0,0,0,0,0,0,0,0.0
151,63,0,0,0,0,0,0,0,0,0,0,0.0
152,62,0,0,0,0,0,0,0,0,0,0,0.0
153,61,0,0,0,0,0,0,0,0,0,0,0.0
154,64,0,0,0,0,0,0,0,0,0,0,0.0
155,63,0,0,0,0,0,0,0,0,0,0,0.0
156,60,0,0,0,0,0,0,0,0,0,0,0.0
157,61,0,0,0,0,0,0,0,0,0,0,0.0
158,61,0,0,0,0,0,0,0,0,0,0,0.0
159,61,0,0,0,0,0,0,0,0,0,0,0.0
160,61,0,0,0,0,0,0,0,0,0,0,0.0
161,59,0,0,0,0,0,0,0,0,0,0,0.0
162,60,0,0,0,0,0,0,0,0,0,0,0.0
163,54,0,0,0,0,0,0,0,0,0,0,0.0
164,60,0,0,0,0,0,0,0,0,0,0,0.0
165,63,0,0,0,0,0,0,0,0,0,0,0.0
166,61,0,0,0,0,0,0,0,0,0,0,0.0
167,60,0,0,0,0,0,0,0,0,0,0,0.0
168,59,0,0,0,0,0,0,0,0,0,0,0.0
169,62,0,0,0,0,0,0,0,0,0,0,0.0
170,57,0,0,0,0,0,0,0,0,0,0,0.0
171,60,0,0,0,0,0,0,0,0,0,0,0.0
172,59,0,0,0,0,0,0,0,0,0,0,0.0
173,57,0,0,0,0,0,0,0,0,0,0,0.0
174,58,0,0,0,0,0,0,0,0,0,0,0.0
175,60,0,0,0,0,0,0,0,0,0,0,0.0
176,59,0,0,0,0,0,0,0,0,0,0,0.0
177,61,0,0,0,0,0,0,0,0,0,0,0.0
178,64,0,0,0,0,0,0,0,0,0,0,0.0
179,62,0,0,0,0,0,0,0,0,0,0,0.0
180,62,0,0,0,0,0,0,0,0,0,0,0.0
181,64,0,0,0,0,0,0,0,0,0,0,0.0
182,58,0,0,0,0,0,0,0,0,0,0,0.0
183,61,0,0,0,0,0,0,0,0,0,0,0.0
184,58,0,0,0,0,0,0,0,0,0,0,0.0
185,61,0,0,0,0,0,0,0,0,0,0,0.0
186,62,0,0,0,0,0,0,0,0,0,0,0.0
187,61,0,0,0,0,0,0,0,0,0,0,0.0
188,58,0,0,0,0,0,0,0,0,0,0,0.0
189,63,0,0,0,0,0,0,0,0,0,0,0.0
190,59,0,0,0,0,0,0,0,0,0,0,0.0
191,58,0,0,0,0,0,0,0,0,0,0,0.0
192,62,0,0,0,0,0,0,0,0,0,0,0.0
193,59,0,0,0,0,0,0,0,0,0,0,0.0
194,63,0,0,0,0,0,0,0,0,0,0,0.0
195,58,0,0,0,0,0,0,0,0,0,0,0.0
196,64,0,0,0,0,0,0,0,0,0,0,0.0
197,61,0,0,0,0,0,0,0,0,0,0,0.0
198,60,0,0,0,0,0,0,0,0,0,0,0.0
199,59,0,0,0,0,0,0,0,0,0,0,0.0
200,60,0,0,0,0,0,0,0,0,0,0,0.0
201,64,0,0,0,0,0,0,0,0,0,0,0.0
202,63,0,0,0,0,0,0,0,0,0,0,0.0
203,63,0,0,0,0,0,0,0,0,0,0,0.0
204,59,0,0,0,0,0,0,0,0,0,0,0.0
205,59,0,0,0,0,0,0,0,0,0,0,0.0
206,64,0,0,0,0,0,0,0,0,0,0,0.0
207,62,0,0,0,0,0,0,0,0,0,0,0.0
208,62,0,0,0,0,0,0,0,0,0,0,0.0
209,59,0,0,0,0,0,0,0,0,0,0,0.0
210,57,0,0,0,0,0,0,0,0,0,0,0.0
211,60,0,0,0,0,0,0,0,0,0,0,0.0
212,62,0,0,0,0,0,0,0,0,0,0,0.0
213,63,0,0,0,0,0,0,0,0,0,0,0.0
214,63,0,0,0,0,0,0,0,0,0,0,0.0
215,57,0,0,0,0,0,0,0,0,0,0,0.0
216,61,0,0,0,0,0,0,0,0,0,0,0.0
217,59,0,0,0,0,0,0,0,0,0,0,0.0
218,58,0,0,0,0,0,0,0,0,0,0,0.0
219,55,0,0,0,0,0,0,0,0,0,0,0.0
220,59,0,0,0,0,0,0,0,0,0,0,0.0
221,59,0,0,0,0,0,0,0,0,0,0,0.0
222,55,0,0,0,0,0,0,0,0,0,0,0.0
223,59,0,0,0,0,0,0,0,0,0,0,0.0
224,57,0,0,0,0,0,0,0,0,0,0,0.0
225,58,0,0,0,0,0,0,0,0,0,0,0.0
226,60,0,0,0,0,0,0,0,0,0,0,0.0
227,60,0,0,0,0,0,0,0,0,0,0,0.0
228,56,0,0,0,0,0,0,0,0,0,0,0.0
229,57,0,0,0,0,0,0,0,0,0,0,0.0
230,64,0,0,0,0,0,0,0,0,0,0,0.0
231,60,0,0,0,0,0,0,0,0,0,0,0.0
232,59,0,0,0,0,0,0,0,0,0,0,0.0
233,63,0,0,0,0,0,0,0,0,0,0,0.0
234,60,0,0,0,0,0,0,0,0,0,0,0.0
235,60,0,0,0,0,0,0,0,0,0,0,0.0
236,59,0,0,0,0,0,0,0,0,0,0,0.0
237,64,0,0,0,0,0,0,0,0,0,0,0.0
238,60,0,0,0,0,0,0,0,0,0,0,0.0
239,55,0,0,0,0,0,0,0,0,0,0,0.0
240,59,0,0,0,0,0,0,0,0,0,0,0.0
241,57,0,0,0,0,0,0,0,0,0,0,0.0
242,59,0,0,0,0,0,0,0,0,0,0,0.0
243,57,0,0,0,0,0,0,0,0,0,0,0.0
244,58,0,0,0,0,0,0,0,0,0,0,0.0
245,58,0,0,0,0,0,0,0,0,0,0,0.0
246,59,0,0,0,0,0,0,0,0,0,0,0.0
247,56,0,0,0,0,0,0,0,0,0,0,0.0
248,57,0,0,0,0,0,0,0,0,0,0,0.0
249,58,0,0,0,0,0,0,0,0,0,0,0.0
250,57,0,0,0,0,0,0,0,0,0,0,0.0
251,59,0,0,0,0,0,0,0,0,0,0,0.0
252,57,0,0,0,0,0,0,0,0,0,0,0.0
253,58,0,0,0,0,0,0,0,0,0,0,0.0
254,64,0,0,0,0,0,0,0,0,0,0,0.0
255,58,0,0,0,0,0,0,0,0,0,0,0.0
256,58,0,0,0,0,0,0,0,0,0,0,0.0
257,56,0,0,0,0,0,0,0,0,0,0,0.0
258,59,0,0,0,0,0,0,0,0,0,0,0.0
259,58,0,0,0,0,0,0,0,0,0,0,0.0
260,60,0,0,0,0,0,0,0,0,0,0,0.0
261,60,0,0,0,0,0,0,0,0,0,0,0.0
262,58,0,0,0,0,0,0,0,0,0,0,0.0
263,56,0,0,0,0,0,0,0,0,0,0,0.0
264,57,0,0,0,0,0,0,0,0,0,0,0.0
265,56,0,0,0,0,0,0,0,0,0,0,0.0
266,59,0,0,0,0,0,0,0,0,0,0,0.0
267,57,0,0,0,0,0,0,0,0,0,0,0.0
268,56,0,0,0,0,0,0,0,0,0,0,0.0
269,57,0,0,0,0,0,0,0,0,0,0,0.0
270,57,0,0,0,0,0,0,0,0,0,0,0.0
271,58,0,0,0,0,0,0,0,0,0,0,0.0
272,58,0,0,0,0,0,0,0,0,0,0,0.0
273,59,0,0,0,0,0,0,0,0,0,0,0.0
274,59,0,0,0,0,0,0,0,0,0,0,0.0
275,62,0,0,0,0,0,0,0,0,0,0,0.0
276,60,0,0,0,0,0,0,0,0,0,0,0.0
277,59,0,0,0,0,0,0,0,0,0,0,0.0
278,59,0,0,0,0,0,0,0,0,0,0,0.0
279,57,0,0,0,0,0,0,0,0,0,0,0.0
280,58,0,0,0,0,0,0,0,0,0,0,0.0
281,57,0,0,0,0,0,0,0,0,0,0,0.0
282,60,0,0,0,0,0,0,0,0,0,0,0.0
283,59,0,0,0,0,0,0,0,0,0,0,0.0
284,61,0,0,0,0,0,0,0,0,0,0,0.0
285,57,0,0,0,0,0,0,0,0,0,0,0.0
286,56,0,0,0,0,0,0,0,0,0,0,0.0
287,57,0,0,0,0,0,0,0,0,0,0,0.0
288,58,0,0,0,0,0,0,0,0,0,0,0.0
289,64,0,0,0,0,0,0,0,0,0,0,0.0
290,63,0,0,0,0,0,0,0,0,0,0,0.0
291,59,0,0,0,0,0,0,0,0,0,0,0.0
292,59,0,0,0,0,0,0,0,0,0,0,0.0
293,61,0,0,0,0,0,0,0,0,0,0,0.0
294,59,0,0,0,0,0,0,0,0,0,0,0.0
295,58,0,0,0,0,0,0,0,0,0,0,0.0
296,58,0,0,0,0,0,0,0,0,0,0,0.0
297,60,0,0,0,0,0,0,0,0,0,0,0.0
298,60,0,0,0,0,0,0,0,0,0,0,0.0
299,57,0,0,0,0,0,0,0,0,0,0,0.0
300,62,0,0,0,0,0,0,0,0,0,0,0.0
301,60,0,0,0,0,0,0,0,0,0,0,0.0
302,63,0,0,0,0,0,0,0,0,0,0,0.0
303,59,0,0,0,0,0,0,0,0,0,0,0.0
304,57,0,0,0,0,0,0,0,0,0,0,0.0
305,57,0,0,0,0,0,0,0,0,0,0,0.0
306,57,0,0,0,0,0,0,0,0,0,0,0.0
307,56,0,0,0,0,0,0,0,0,0,0,0.0
308,58,0,0,0,0,0,0,0,0,0,0,0.0
309,60,0,0,0,0,0,0,0,0,0,0,0.0
310,60,0,0,0,0,0,0,0,0,0,0,0.0
311,58,0,0,0,0,0,0,0,0,0,0,0.0
312,57,0,0,0,0,0,0,0,0,0,0,0.0
313,60,0,0,0,0,0,0,0,0,0,0,0.0
314,57,0,0,0,0,0,0,0,0,0,0,0.0
315,57,0,0,0,0,0,0,0,0,0,0,0.0
316,58,0,0,0,0,0,0,0,0,0,0,0.0
317,59,0,0,0,0,0,0,0,0,0,0,0.0
318,60,0,0,0,0,0,0,0,0,0,0,0.0
319,58,0,0,0,0,0,0,0,0,0,0,0.0
320,59,0,0,0,0,0,0,0,0,0,0,0.0
321,60,0,0,0,0,0,0,0,0,0,0,0.0
322,57,0,0,0,0,0,0,0,0,0,0,0.0
323,60,0,0,0,0,0,0,0,0,0,0,0.0
324,58,0,0,0,0,0,0,0,0,0,0,0.0
325,60,0,0,0,0,0,0,0,0,0,0,0.0
326,57,0,0,0,0,0,0,0,0,0,0,0.0
327,59,0,0,0,0,0,0,0,0,0,0,0.0
328,57,0,0,0,0,0,0,0,0,0,0,0.0
329,57,0,0,0,0,0,0,0,0,0,0,0.0
330,60,0,0,0,0,0,0,0,0,0,0,0.0
331,60,0,0,0,0,0,0,0,0,0,0,0.0
332,64,0,0,0,0,0,0,0,0,0,0,0.0
333,55,0,0,0,0,0,0,0,0,0,0,0.0
334,59,0,0,0,0,0,0,0,0,0,0,0.0
335,59,0,0,0,0,0,0,0,0,0,0,0.0
336,57,0,0,0,0,0,0,0,0,0,0,0.0
337,62,0,0,0,0,0,0,0,0,0,0,0.0
338,57,0,0,0,0,0,0,0,0,0,0,0.0
339,59,0,0,0,0,0,0,0,0,0,0,0.0
340,58,0,0,0,0,0,0,0,0,0,0,0.0
341,57,0,0,0,0,0,0,0,0,0,0,0.0
342,57,0,0,0,0,0,0,0,0,0,0,0.0
343,60,0,0,0,0,0,0,0,0,0,0,0.0
344,60,0,0,0,0,0,0,0,0,0,0,0.0
345,58,0,0,0,0,0,0,0,0,0,0,0.0
346,59,0,0,0,0,0,0,0,0,0,0,0.0
347,58,0,0,0,0,0,0,0,0,0,0,0.0
348,56,0,0,0,0,0,0,0,0,0,0,0.0
349,58,0,0,0,0,0,0,0,0,0,0,0.0
350,61,0,0,0,0,0,0,0,0,0,0,0.0
351,58,0,0,0,0,0,0,0,0,0,0,0.0
352,59,0,0,0,0,0,0,0,0,0,0,0.0
353,63,0,0,0,0,0,0,0,0,0,0,0.0
354,58,0,0,0,0,0,0,0,0,0,0,0.0
355,57,0,0,0,0,0,0,0,0,0,0,0.0
356,58,0,0,0,0,0,0,0,0,0,0,0.0
357,59,0,0,0,0,0,0,0,0,0,0,0.0
358,57,0,0,0,0,0,0,0,0,0,0,0.0
359,58,0,0,0,0,0,0,0,0,0,0,0.0
360,59,0,0,0,0,0,0,0,0,0,0,0.0
361,58,0,0,0,0,0,0,0,0,0,0,0.0
362,57,0,0,0,0,0,0,0,0,0,0,0.0
363,58,0,0,0,0,0,0,0,0,0,0,0.0
364,61,0,0,0,0,0,0,0,0,0,0,0.0
365,58,0,0,0,0,0,0,0,0,0,0,0.0
366,60,0,0,0,0,0,0,0,0,0,0,0.0
367,57,0,0,0,0,0,0,0,0,0,0,0.0
368,60,0,0,0,0,0,0,0,0,0,0,0.0
369,61,0,0,0,0,0,0,0,0,0,0,0.0
370,59,0,0,0,0,0,0,0,0,0,0,0.0
371,58,0,0,0,0,0,0,0,0,0,0,0.0
372,57,0,0,0,0,0,0,0,0,0,0,0.0
373,57,0,0,0,0,0,0,0,0,0,0,0.0
374,56,0,0,0,0,0,0,0,0,0,0,0.0
375,59,0,0,0,0,0,0,0,0,0,0,0.0
376,60,0,0,0,0,0,0,0,0,0,0,0.0
377,58,0,0,0,0,0,0,0,0,0,0,0.0
378,62,0,0,0,0,0,0,0,0,0,0,0.0
379,60,0,0,0,0,0,0,0,0,0,0,0.0
380,62,0,0,0,0,0,0,0,0,0,0,0.0
381,58,0,0,0,0,0,0,0,0,0,0,0.0
382,57,0,0,0,0,0,0,0,0,0,0,0.0
383,60,0,0,0,0,0,0,0,0,0,0,0.0
384,59,0,0,0,0,0,0,0,0,0,0,0.0
385,59,0,0,0,0,0,0,0,0,0,0,0.0
386,59,0,0,0,0,0,0,0,0,0,0,0.0
387,60,0,0,0,0,0,0,0,0,0,0,0.0
388,63,0,0,0,0,0,0,0,0,0,0,0.0
389,60,0,0,0,0,0,0,0,0,0,0,0.0
390,57,0,0,0,0,0,0,0,0,0,0,0.0
391,56,0,0,0,0,0,0,0,0,0,0,0.0
392,60,0,0,0,0,0,0,0,0,0,0,0.0
393,57,0,0,0,0,0,0,0,0,0,0,0.0
394,57,0,0,0,0,0,0,0,0,0,0,0.0
395,61,0,0,0,0,0,0,0,0,0,0,0.0
396,63,0,0,0,0,0,0,0,0,0,0,0.0
397,58,0,0,0,0,0,0,0,0,0,0,0.0
398,57,0,0,0,0,0,0,0,0,0,0,0.0
399,59,0,0,0,0,0,0,0,0,0,0,0.0
400,58,0,0,0,0,0,0,0,0,0,0,0.0
401,59,0,0,0,0,0,0,0,0,0,0,0.0
402,59,0,0,0,0,0,0,0,0,0,0,0.0
403,57,0,0,0,0,0,0,0,0,0,0,0.0
404,58,0,0,0,0,0,0,0,0,0,0,0.0
405,58,0,0,0,0,0,0,0,0,0,0,0.0
406,59,0,0,0,0,0,0,0,0,0,0,0.0
407,57,0,0,0,0,0,0,0,0,0,0,0.0
408,59,0,0,0,0,0,0,0,0,0,0,0.0
409,57,0,0,0,0,0,0,0,0,0,0,0.0
410,58,0,0,0,0,0,0,0,0,0,0,0.0
411,59,0,0,0,0,0,0,0,0,0,0,0.0
412,57,0,0,0,0,0,0,0,0,0,0,0.0
413,59,0,0,0,0,0,0,0,0,0,0,0.0
414,59,0,0,0,0,0,0,0,0,0,0,0.0
415,61,0,0,0,0,0,0,0,0,0,0,0.0
416,62,0,0,0,0,0,0,0,0,0,0,0.0
417,58,0,0,0,0,0,0,0,0,0,0,0.0
418,57,0,0,0,0,0,0,0,0,0,0,0.0
419,56,0,0,0,0,0,0,0,0,0,0,0.0
420,58,0,0,0,0,0,0,0,0,0,0,0.0
421,58,0,0,0,0,0,0,0,0,0,0,0.0
422,59,0,0,0,0,0,0,0,0,0,0,0.0
423,61,0,0,0,0,0,0,0,0,0,0,0.0
424,58,0,0,0,0,0,0,0,0,0,0,0.0
425,60,0,0,0,0,0,0,0,0,0,0,0.0
426,57,0,0,0,0,0,0,0,0,0,0,0.0
427,64,0,0,0,0,0,0,0,0,0,0,0.0
428,64,0,0,0,0,0,0,0,0,0,0,0.0
429,59,0,0,0,0,0,0,0,0,0,0,0.0
430,63,0,0,0,0,0,0,0,0,0,0,0.0
431,61,0,0,0,0,0,0,0,0,0,0,0.0
432,58,0,0,0,0,0,0,0,0,0,0,0.0
433,60,0,0,0,0,0,0,0,0,0,0,0.0
434,57,0,0,0,0,0,0,0,0,0,0,0.0
435,59,0,0,0,0,0,0,0,0,0,0,0.0
436,57,0,0,0,0,0,0,0,0,0,0,0.0
437,58,0,0,0,0,0,0,0,0,0,0,0.0
438,60,0,0,0,0,0,0,0,0,0,0,0.0
439,63,0,0,0,0,0,0,0,0,0,0,0.0
440,57,0,0,0,0,0,0,0,0,0,0,0.0
441,58,0,0,0,0,0,0,0,0,0,0,0.0
442,58,0,0,0,0,0,0,0,0,0,0,0.0
443,61,0,0,0,0,0,0,0,0,0,0,0.0
444,57,0,0,0,0,0,0,0,0,0,0,0.0
445,60,0,0,0,0,0,0,0,0,0,0,0.0
446,59,0,0,0,0,0,0,0,0,0,0,0.0
447,62,0,0,0,0,0,0,0,0,0,0,0.0
448,62,0,0,0,0,0,0,0,0,0,0,0.0
449,58,0,0,0,0,0,0,0,0,0,0,0.0
450,60,0,0,0,0,0,0,0,0,0,0,0.0
451,60,0,0,0,0,0,0,0,0,0,0,0.0
452,58,0,0,0,0,0,0,0,0,0,0,0.0
453,59,0,0,0,0,0,0,0,0,0,0,0.0
454,57,0,0,0,0,0,0,0,0,0,0,0.0
455,59,0,0,0,0,0,0,0,0,0,0,0.0
456,57,0,0,0,0,0,0,0,0,0,0,0.0
457,58,0,0,0,0,0,0,0,0,0,0,0.0
458,57,0,0,0,0,0,0,0,0,0,0,0.0
459,61,0,0,0,0,0,0,0,0,0,0,0.0
460,60,0,0,0,0,0,0,0,0,0,0,0.0
461,58,0,0,0,0,0,0,0,0,0,0,0.0
462,57,0,0,0,0,0,0,0,0,0,0,0.0
463,62,0,0,0,0,0,0,0,0,0,0,0.0
464,58,0,0,0,0,0,0,0,0,0,0,0.0
465,57,0,0,0,0,0,0,0,0,0,0,0.0
466,59,0,0,0,0,0,0,0,0,0,0,0.0
467,59,0,0,0,0,0,0,0,0,0,0,0.0
468,58,0,0,0,0,0,0,0,0,0,0,0.0
469,57,0,0,0,0,0,0,0,0,0,0,0.0
470,64,0,0,0,0,0,0,0,0,0,0,0.0
471,62,0,0,0,0,0,0,0,0,0,0,0.0
472,60,0,0,0,0,0,0,0,0,0,0,0.0
473,58,0,0,0,0,0,0,0,0,0,0,0.0
474,60,0,0,0,0,0,0,0,0,0,0,0.0
475,58,0,0,0,0,0,0,0,0,0,0,0.0
476,57,0,0,0,0,0,0,0,0,0,0,0.0
477,61,0,0,0,0,0,0,0,0,0,0,0.0
478,61,0,0,0,0,0,0,0,0,0,0,0.0
479,63,0,0,0,0,0,0,0,0,0,0,0.0
480,58,0,0,0,0,0,0,0,0,0,0,0.0
481,59,0,0,0,0,0,0,0,0,0,0,0.0
482,59,0,0,0,0,0,0,0,0,0,0,0.0
483,59,0,0,0,0,0,0,0,0,0,0,0.0
484,59,0,0,0,0,0,0,0,0,0,0,0.0
485,56,0,0,0,0,0,0,0,0,0,0,0.0
486,64,0,0,0,0,0,0,0,0,0,0,0.0
487,59,0,0,0,0,0,0,0,0,0,0,0.0
488,58,0,0,0,0,0,0,0,0,0,0,0.0
489,58,0,0,0,0,0,0,0,0,0,0,0.0
490,59,0,0,0,0,0,0,0,0,0,0,0.0
491,61,0,0,0,0,0,0,0,0,0,0,0.0
492,58,0,0,0,0,0,0,0,0,0,0,0.0
493,58,0,0,0,0,0,0,0,0,0,0,0.0
494,58,0,0,0,0,0,0,0,0,0,0,0.0
495,60,0,0,0,0,0,0,0,0,0,0,0.0
496,62,0,0,0,0,0,0,0,0,0,0,0.0
497,59,0,0,0,0,0,0,0,0,0,0,0.0
498,61,0,0,0,0,0,0,0,0,0,0,0.0
499,64,0,0,0,0,0,0,0,0,0,0,0.0
500,56,0,0,0,0,0,0,0,0,0,0,0.0
501,59,0,0,0,0,0,0,0,0,0,0,0.0
502,56,0,0,0,0,0,0,0,0,0,0,0.0
503,60,0,0,0,0,0,0,0,0,0,0,0.0
504,59,0,0,0,0,0,0,0,0,0,0,0.0
505,57,0,0,0,0,0,0,0,0,0,0,0.0
506,56,0,0,0,0,0,0,0,0,0,0,0.0
507,57,0,0,0,0,0,0,0,0,0,0,0.0
508,55,0,0,0,0,0,0,0,0,0,0,0.0
509,57,0,0,0,0,0,0,0,0,0,0,0.0
510,61,0,0,0,0,0,0,0,0,0,0,0.0
511,58,0,0,0,0,0,0,0,0,0,0,0.0
512,57,0,0,0,0,0,0,0,0,0,0,0.0
513,55,0,0,0,0,0,0,0,0,0,0,0.0
514,57,0,0,0,0,0,0,0,0,0,0,0.0
515,57,0,0,0,0,0,0,0,0,0,0,0.0
516,58,0,0,0,0,0,0,0,0,0,0,0.0
517,57,0,0,0,0,0,0,0,0,0,0,0.0
518,58,0,0,0,0,0,0,0,0,0,0,0.0
519,55,0,0,0,0,0,0,0,0,0,0,0.0
520,56,0,0,0,0,0,0,0,0,0,0,0.0
521,56,0,0,0,0,0,0,0,0,0,0,0.0
522,56,0,0,0,0,0,0,0,0,0,0,0.0
523,55,0,0,0,0,0,0,0,0,0,0,0.0
524,56,0,0,0,0,0,0,0,0,0,0,0.0
525,55,0,0,0,0,0,0,0,0,0,0,0.0
526,56,0,0,0,0,0,0,0,0,0,0,0.0
527,58,0,0,0,0,0,0,0,0,0,0,0.0
528,57,0,0,0,0,0,0,0,0,0,0,0.0
529,54,0,0,0,0,0,0,0,0,0,0,0.0
530,60,0,0,0,0,0,0,0,0,0,0,0.0
531,57,0,0,0,0,0,0,0,0,0,0,0.0
532,59,0,0,0,0,0,0,0,0,0,0,0.0
533,58,0,0,0,0,0,0,0,0,0,0,0.0
534,60,0,0,0,0,0,0,0,0,0,0,0.0
535,56,0,0,0,0,0,0,0,0,0,0,0.0
536,58,0,0,0,0,0,0,0,0,0,0,0.0
537,59,0,0,0,0,0,0,0,0,0,0,0.0
538,61,0,0,0,0,0,0,0,0,0,0,0.0
539,59,0,0,0,0,0,0,0,0,0,0,0.0
540,58,0,0,0,0,0,0,0,0,0,0,0.0
541,62,0,0,0,0,0,0,0,0,0,0,0.0
542,59,0,0,0,0,0,0,0,0,0,0,0.0
543,58,0,0,0,0,0,0,0,0,0,0,0.0
544,60,0,0,0,0,0,0,0,0,0,0,0.0
545,63,0,0,0,0,0,0,0,0,0,0,0.0
546,60,0,0,0,0,0,0,0,0,0,0,0.0
547,61,0,0,0,0,0,0,0,0,0,0,0.0
548,56,0,0,0,0,0,0,0,0,0,0,0.0
549,57,0,0,0,0,0,0,0,0,0,0,0.0
550,55,0,0,0,0,0,0,0,0,0,0,0.0
551,60,0,0,0,0,0,0,0,0,0,0,0.0
552,56,0,0,0,0,0,0,0,0,0,0,0.0
553,55,0,0,0,0,0,0,0,0,0,0,0.0
554,54,0,0,0,0,0,0,0,0,0,0,0.0
555,55,0,0,0,0,0,0,0,0,0,0,0.0
556,56,0,0,0,0,0,0,0,0,0,0,0.0
557,57,0,0,0,0,0,0,0,0,0,0,0.0
558,64,0,0,0,0,0,0,0,0,0,0,0.0
559,55,0,0,0,0,0,0,0,0,0,0,0.0
560,55,0,0,0,0,0,0,0,0,0,0,0.0
561,54,0,0,0,0,0,0,0,0,0,0,0.0
562,63,0,0,0,0,0,0,0,0,0,0,0.0
563,55,0,0,0,0,0,0,0,0,0,0,0.0
564,55,0,0,0,0,0,0,0,0,0,0,0.0
565,57,0,0,0,0,0,0,0,0,0,0,0.0
566,55,0,0,0,0,0,0,0,0,0,0,0.0
567,56,0,0,0,0,0,0,0,0,0,0,0.0
568,57,0,0,0,0,0,0,0,0,0,0,0.0
569,58,0,0,0,0,0,0,0,0,0,0,0.0
570,56,0,0,0,0,0,0,0,0,0,0,0.0
571,56,0,0,0,0,0,0,0,0,0,0,0.0
572,56,0,0,0,0,0,0,0,0,0,0,0.0
573,55,0,0,0,0,0,0,0,0,0,0,0.0
574,60,0,0,0,0,0,0,0,0,0,0,0.0
575,57,0,0,0,0,0,0,0,0,0,0,0.0
576,54,0,0,0,0,0,0,0,0,0,0,0.0
577,55,0,0,0,0,0,0,0,0,0,0,0.0
578,59,0,0,0,0,0,0,0,0,0,0,0.0
579,54,0,0,0,0,0,0,0,0,0,0,0.0
580,61,0,0,0,0,0,0,0,0,0,0,0.0
581,56,0,0,0,0,0,0,0,0,0,0,0.0
582,61,0,0,0,0,0,0,0,0,0,0,0.0
583,58,0,0,0,0,0,0,0,0,0,0,0.0
584,56,0,0,0,0,0,0,0,0,0,0,0.0
585,55,0,0,0,0,0,0,0,0,0,0,0.0
586,61,0,0,0,0,0,0,0,0,0,0,0.0
587,59,0,0,0,0,0,0,0,0,0,0,0.0
588,54,0,0,0,0,0,0,0,0,0,0,0.0
589,55,0,0,0,0,0,0,0,0,0,0,0.0
590,56,0,0,0,0,0,0,0,0,0,0,0.0
591,58,0,0,0,0,0,0,0,0,0,0,0.0
592,61,0,0,0,0,0,0,0,0,0,0,0.0
593,61,0,0,0,0,0,0,0,0,0,0,0.0
594,54,0,0,0,0,0,0,0,0,0,0,0.0
595,57,0,0,0,0,0,0,0,0,0,0,0.0
596,55,0,0,0,0,0,0,0,0,0,0,0.0
597,56,0,0,0,0,0,0,0,0,0,0,0.0
598,56,0,0,0,0,0,0,0,0,0,0,0.0
599,63,0,0,0,0,0,0,0,0,0,0,0.0
600,54,0,0,0,0,0,0,0,0,0,0,0.0
601,60,0,0,0,0,0,0,0,0,0,0,0.0
602,54,0,0,0,0,0,0,0,0,0,0,0.0
603,56,0,0,0,0,0,0,0,0,0,0,0.0
604,57,0,0,0,0,0,0,0,0,0,0,0.0
605,56,0,0,0,0,0,0,0,0,0,0,0.0
606,59,0,0,0,0,0,0,0,0,0,0,0.0
607,57,0,0,0,0,0,0,0,0,0,0,0.0
608,59,0,0,0,0,0,0,0,0,0,0,0.0
609,57,0,0,0,0,0,0,0,0,0,0,0.0
610,56,0,0,0,0,0,0,0,0,0,0,0.0
611,55,0,0,0,0,0,0,0,0,0,0,0.0
612,54,0,0,0,0,0,0,0,0,0,0,0.0
613,63,0,0,0,0,0,0,0,0,0,0,0.0
614,55,0,0,0,0,0,0,0,0,0,0,0.0
615,55,0,0,0,0,0,0,0,0,0,0,0.0
616,57,0,0,0,0,0,0,0,0,0,0,0.0
617,57,0,0,0,0,0,0,0,0,0,0,0.0
618,55,0,0,0,0,0,0,0,0,0,0,0.0
619,56,0,0,0,0,0,0,0,0,0,0,0.0
620,61,0,0,0,0,0,0,0,0,0,0,0.0
621,58,0,0,0,0,0,0,0,0,0,0,0.0
622,60,0,0,0,0,0,0,0,0,0,0,0.0
623,58,0,0,0,0,0,0,0,0,0,0,0.0
624,60,0,0,0,0,0,0,0,0,0,0,0.0
625,59,0,0,0,0,0,0,0,0,0,0,0.0
626,58,0,0,0,0,0,0,0,0,0,0,0.0
627,58,0,0,0,0,0,0,0,0,0,0,0.0
628,59,0,0,0,0,0,0,0,0,0,0,0.0
629,56,0,0,0,0,0,0,0,0,0,0,0.0
630,57,0,0,0,0,0,0,0,0,0,0,0.0
631,58,0,0,0,0,0,0,0,0,0,0,0.0
632,59,0,0,0,0,0,0,0,0,0,0,0.0
633,59,0,0,0,0,0,0,0,0,0,0,0.0
634,58,0,0,0,0,0,0,0,0,0,0,0.0
635,58,0,0,0,0,0,0,0,0,0,0,0.0
636,59,0,0,0,0,0,0,0,0,0,0,0.0
637,56,0,0,0,0,0,0,0,0,0,0,0.0
638,58,0,0,0,0,0,0,0,0,0,0,0.0
639,59,0,0,0,0,0,0,0,0,0,0,0.0
640,63,0,0,0,0,0,0,0,0,0,0,0.0
641,62,0,0,0,0,0,0,0,0,0,0,0.0
642,61,0,0,0,0,0,0,0,0,0,0,0.0
643,62,0,0,0,0,0,0,0,0,0,0,0.0
644,64,0,0,0,0,0,0,0,0,0,0,0.0
645,59,0,0,0,0,0,0,0,0,0,0,0.0
646,58,0,0,0,0,0,0,0,0,0,0,0.0
647,58,0,0,0,0,0,0,0,0,0,0,0.0
648,60,0,0,0,0,0,0,0,0,0,0,0.0
649,61,0,0,0,0,0,0,0,0,0,0,0.0
650,57,0,0,0,0,0,0,0,0,0,0,0.0
651,58,0,0,0,0,0,0,0,0,0,0,0.0
652,60,0,0,0,0,0,0,0,0,0,0,0.0
653,60,0,0,0,0,0,0,0,0,0,0,0.0
654,59,0,0,0,0,0,0,0,0,0,0,0.0
655,58,0,0,0,0,0,0,0,0,0,0,0.0
656,60,0,0,0,0,0,0,0,0,0,0,0.0
657,62,0,0,0,0,0,0,0,0,0,0,0.0
658,60,0,0,0,0,0,0,0,0,0,0,0.0
659,59,0,0,0,0,0,0,0,0,0,0,0.0
660,58,0,0,0,0,0,0,0,0,0,0,0.0
661,54,0,0,0,0,0,0,0,0,0,0,0.0
662,59,0,0,0,0,0,0,0,0,0,0,0.0
663,62,0,0,0,0,0,0,0,0,0,0,0.0
664,61,0,0,0,0,0,0,0,0,0,0,0.0
665,61,0,0,0,0,0,0,0,0,0,0,0.0
666,60,0,0,0,0,0,0,0,0,0,0,0.0
667,60,0,0,0,0,0,0,0,0,0,0,0.0
668,60,0,0,0,0,0,0,0,0,0,0,0.0
669,59,0,0,0,0,0,0,0,0,0,0,0.0
670,61,0,0,0,0,0,0,0,0,0,0,0.0
671,61,0,0,0,0,0,0,0,0,0,0,0.0
672,57,0,0,0,0,0,0,0,0,0,0,0.0
673,61,0,0,0,0,0,0,0,0,0,0,0.0
674,59,0,0,0,0,0,0,0,0,0,0,0.0
675,58,0,0,0,0,0,0,0,0,0,0,0.0
676,64,0,0,0,0,0,0,0,0,0,0,0.0
677,60,0,0,0,0,0,0,0,0,0,0,0.0
678,61,0,0,0,0,0,0,0,0,0,0,0.0
679,58,0,0,0,0,0,0,0,0,0,0,0.0
680,59,0,0,0,0,0,0,0,0,0,0,0.0
681,58,0,0,0,0,0,0,0,0,0,0,0.0
682,61,0,0,0,0,0,0,0,0,0,0,0.0
683,60,0,0,0,0,0,0,0,0,0,0,0.0
684,61,0,0,0,0,0,0,0,0,0,0,0.0
685,62,0,0,0,0,0,0,0,0,0,0,0.0
686,62,0,0,0,0,0,0,0,0,0,0,0.0
687,61,0,0,0,0,0,0,0,0,0,0,0.0
688,60,0,0,0,0,0,0,0,0,0,0,0.0
689,59,0,0,0,0,0,0,0,0,0,0,0.0
690,60,0,0,0,0,0,0,0,0,0,0,0.0
691,60,0,0,0,0,0,0,0,0,0,0,0.0
692,63,0,0,0,0,0,0,0,0,0,0,0.0
693,60,0,0,0,0,0,0,0,0,0,0,0.0
694,59,0,0,0,0,0,0,0,0,0,0,0.0
695,58,0,0,0,0,0,0,0,0,0,0,0.0
696,59,0,0,0,0,0,0,0,0,0,0,0.0
697,58,0,0,0,0,0,0,0,0,0,0,0.0
698,57,0,0,0,0,0,0,0,0,0,0,0.0
699,56,0,0,0,0,0,0,0,0,0,0,0.0
700,55,0,0,0,0,0,0,0,0,0,0,0.0
701,57,0,0,0,0,0,0,0,0,0,0,0.0
702,56,0,0,0,0,0,0,0,0,0,0,0.0
703,54,0,0,0,0,0,0,0,0,0,0,0.0
704,57,0,0,0,0,0,0,0,0,0,0,0.0
705,57,0,0,0,0,0,0,0,0,0,0,0.0
706,59,0,0,0,0,0,0,0,0,0,0,0.0
707,64,0,0,0,0,0,0,0,0,0,0,0.0
708,58,0,0,0,0,0,0,0,0,0,0,0.0
709,56,0,0,0,0,0,0,0,0,0,0,0.0
710,55,0,0,0,0,0,0,0,0,0,0,0.0
711,61,0,0,0,0,0,0,0,0,0,0,0.0
712,64,0,0,0,0,0,0,0,0,0,0,0.0
713,54,0,0,0,0,0,0,0,0,0,0,0.0
714,56,0,0,0,0,0,0,0,0,0,0,0.0
715,57,0,0,0,0,0,0,0,0,0,0,0.0
716,64,0,0,0,0,0,0,0,0,0,0,0.0
717,57,0,0,0,0,0,0,0,0,0,0,0.0
718,56,0,0,0,0,0,0,0,0,0,0,0.0
719,54,0,0,0,0,0,0,0,0,0,0,0.0
720,55,0,0,0,0,0,0,0,0,0,0,0.0
721,55,0,0,0,0,0,0,0,0,0,0,0.0
722,62,0,0,0,0,0,0,0,0,0,0,0.0
723,56,0,0,0,0,0,0,0,0,0,0,0.0
724,58,0,0,0,0,0,0,0,0,0,0,0.0
725,55,0,0,0,0,0,0,0,0,0,0,0.0
726,56,0,0,0,0,0,0,0,0,0,0,0.0
727,63,0,0,0,0,0,0,0,0,0,0,0.0
728,57,0,0,0,0,0,0,0,0,0,0,0.0
729,63,0,0,0,0,0,0,0,0,0,0,0.0
730,57,0,0,0,0,0,0,0,0,0,0,0.0
731,56,0,0,0,0,0,0,0,0,0,0,0.0
732,58,0,0,0,0,0,0,0,0,0,0,0.0
733,54,0,0,0,0,0,0,0,0,0,0,0.0
734,58,0,0,0,0,0,0,0,0,0,0,0.0
735,55,0,0,0,0,0,0,0,0,0,0,0.0
736,59,0,0,0,0,0,0,0,0,0,0,0.0
737,64,0,0,0,0,0,0,0,0,0,0,0.0
738,58,0,0,0,0,0,0,0,0,0,0,0.0
739,56,0,0,0,0,0,0,0,0,0,0,0.0
740,55,0,0,0,0,0,0,0,0,0,0,0.0
741,54,0,0,0,0,0,0,0,0,0,0,0.0
742,57,0,0,0,0,0,0,0,0,0,0,0.0
743,55,0,0,0,0,0,0,0,0,0,0,0.0
744,60,0,0,0,0,0,0,0,0,0,0,0.0
745,54,0,0,0,0,0,0,0,0,0,0,0.0
746,60,0,0,0,0,0,0,0,0,0,0,0.0
747,60,0,0,0,0,0,0,0,0,0,0,0.0
748,56,0,0,0,0,0,0,0,0,0,0,0.0
749,56,0,0,0,0,0,0,0,0,0,0,0.0
750,56,0,0,0,0,0,0,0,0,0,0,0.0
751,58,0,0,0,0,0,0,0,0,0,0,0.0
752,60,0,0,0,0,0,0,0,0,0,0,0.0
753,54,0,0,0,0,0,0,0,0,0,0,0.0
754,56,0,0,0,0,0,0,0,0,0,0,0.0
755,59,0,0,0,0,0,0,0,0,0,0,0.0
756,55,0,0,0,0,0,0,0,0,0,0,0.0
757,56,0,0,0,0,0,0,0,0,0,0,0.0
758,56,0,0,0,0,0,0,0,0,0,0,0.0
759,59,0,0,0,0,0,0,0,0,0,0,0.0
760,59,0,0,0,0,0,0,0,0,0,0,0.0
761,63,0,0,0,0,0,0,0,0,0,0,0.0
762,63,0,0,0,0,0,0,0,0,0,0,0.0
763,63,0,0,0,0,0,0,0,0,0,0,0.0
764,64,0,0,0,0,0,0,0,0,0,0,0.0
765,63,0,0,0,0,0,0,0,0,0,0,0.0
766,63,0,0,0,0,0,0,0,0,0,0,0.0
767,63,0,0,0,0,0,0,0,0,0,0,0.0
768,64,0,0,0,0,0,0,0,0,0,0,0.0
769,63,0,0,0,0,0,0,0,0,0,0,0.0
770,63,0,0,0,0,0,0,0,0,0,0,0.0
771,62,0,0,0,0,0,0,0,0,0,0,0.0
772,62,0,0,0,0,0,0,0,0,0,0,0.0
773,64,0,0,0,0,0,0,0,0,0,0,0.0
774,62,0,0,0,0,0,0,0,0,0,0,0.0
775,63,0,0,0,0,0,0,0,0,0,0,0.0
776,64,0,0,0,0,0,0,0,0,0,0,0.0
777,64,0,0,0,0,0,0,0,0,0,0,0.0
778,64,0,0,0,0,0,0,0,0,0,0,0.0
779,60,0,0,0,0,0,0,0,0,0,0,0.0
780,59,0,0,0,0,0,0,0,0,0,0,0.0
781,58,0,0,0,0,0,0,0,0,0,0,0.0
782,56,0,0,0,0,0,0,0,0,0,0,0.0
783,59,0,0,0,0,0,0,0,0,0,0,0.0
784,58,0,0,0,0,0,0,0,0,0,0,0.0
785,59,0,0,0,0,0,0,0,0,0,0,0.0
786,59,0,0,0,0,0,0,0,0,0,0,0.0
787,57,0,0,0,0,0,0,0,0,0,0,0.0
788,58,0,0,0,0,0,0,0,0,0,0,0.0
789,56,0,0,0,0,0,0,0,0,0,0,0.0
790,58,0,0,0,0,0,0,0,0,0,0,0.0
791,58,0,0,0,0,0,0,0,0,0,0,0.0
792,58,0,0,0,0,0,0,0,0,0,0,0.0
793,58,0,0,0,0,0,0,0,0,0,0,0.0
794,60,0,0,0,0,0,0,0,0,0,0,0.0
795,60,0,0,0,0,0,0,0,0,0,0,0.0
796,57,0,0,0,0,0,0,0,0,0,0,0.0
797,57,0,0,0,0,0,0,0,0,0,0,0.0
798,63,0,0,0,0,0,0,0,0,0,0,0.0
799,61,0,0,0,0,0,0,0,0,0,0,0.0
800,60,0,0,0,0,0,0,0,0,0,0,0.0
801,58,0,0,0,0,0,0,0,0,0,0,0.0
802,59,0,0,0,0,0,0,0,0,0,0,0.0
803,64,0,0,0,0,0,0,0,0,0,0,0.0
804,58,0,0,0,0,0,0,0,0,0,0,0.0
805,64,0,0,0,0,0,0,0,0,0,0,0.0
806,61,0,0,0,0,0,0,0,0,0,0,0.0
807,56,0,0,0,0,0,0,0,0,0,0,0.0
808,60,0,0,0,0,0,0,0,0,0,0,0.0
809,60,0,0,0,0,0,0,0,0,0,0,0.0
810,62,0,0,0,0,0,0,0,0,0,0,0.0
811,61,0,0,0,0,0,0,0,0,0,0,0.0
812,57,0,0,0,0,0,0,0,0,0,0,0.0
813,57,0,0,0,0,0,0,0,0,0,0,0.0
814,64,0,0,0,0,0,0,0,0,0,0,0.0
815,62,0,0,0,0,0,0,0,0,0,0,0.0
816,61,0,0,0,0,0,0,0,0,0,0,0.0
817,58,0,0,0,0,0,0,0,0,0,0,0.0
818,57,0,0,0,0,0,0,0,0,0,0,0.0
819,59,0,0,0,0,0,0,0,0,0,0,0.0
820,57,0,0,0,0,0,0,0,0,0,0,0.0
821,57,0,0,0,0,0,0,0,0,0,0,0.0
822,64,0,0,0,0,0,0,0,0,0,0,0.0
823,58,0,0,0,0,0,0,0,0,0,0,0.0
824,58,0,0,0,0,0,0,0,0,0,0,0.0
825,55,0,0,0,0,0,0,0,0,0,0,0.0
826,58,0,0,0,0,0,0,0,0,0,0,0.0
827,57,0,0,0,0,0,0,0,0,0,0,0.0
828,59,0,0,0,0,0,0,0,0,0,0,0.0
829,58,0,0,0,0,0,0,0,0,0,0,0.0
830,58,0,0,0,0,0,0,0,0,0,0,0.0
831,58,0,0,0,0,0,0,0,0,0,0,0.0
832,57,0,0,0,0,0,0,0,0,0,0,0.0
833,60,0,0,0,0,0,0,0,0,0,0,0.0
834,61,0,0,0,0,0,0,0,0,0,0,0.0
835,59,0,0,0,0,0,0,0,0,0,0,0.0
836,62,0,0,0,0,0,0,0,0,0,0,0.0
837,57,0,0,0,0,0,0,0,0,0,0,0.0
838,59,0,0,0,0,0,0,0,0,0,0,0.0
839,60,0,0,0,0,0,0,0,0,0,0,0.0
840,57,0,0,0,0,0,0,0,0,0,0,0.0
841,58,0,0,0,0,0,0,0,0,0,0,0.0
842,61,0,0,0,0,0,0,0,0,0,0,0.0
843,59,0,0,0,0,0,0,0,0,0,0,0.0
844,62,0,0,0,0,0,0,0,0,0,0,0.0
845,59,0,0,0,0,0,0,0,0,0,0,0.0
846,61,0,0,0,0,0,0,0,0,0,0,0.0
847,60,0,0,0,0,0,0,0,0,0,0,0.0
848,61,0,0,0,0,0,0,0,0,0,0,0.0
849,63,0,0,0,0,0,0,0,0,0,0,0.0
850,58,0,0,0,0,0,0,0,0,0,0,0.0
851,58,0,0,0,0,0,0,0,0,0,0,0.0
852,62,0,0,0,0,0,0,0,0,0,0,0.0
853,57,0,0,0,0,0,0,0,0,0,0,0.0
854,57,0,0,0,0,0,0,0,0,0,0,0.0
855,57,0,0,0,0,0,0,0,0,0,0,0.0
856,57,0,0,0,0,0,0,0,0,0,0,0.0
857,57,0,0,0,0,0,0,0,0,0,0,0.0
858,57,0,0,0,0,0,0,0,0,0,0,0.0
859,58,0,0,0,0,0,0,0,0,0,0,0.0
860,58,0,0,0,0,0,0,0,0,0,0,0.0
861,57,0,0,0,0,0,0,0,0,0,0,0.0
862,60,0,0,0,0,0,0,0,0,0,0,0.0
863,59,0,0,0,0,0,0,0,0,0,0,0.0
864,57,0,0,0,0,0,0,0,0,0,0,0.0
865,60,0,0,0,0,0,0,0,0,0,0,0.0
866,59,0,0,0,0,0,0,0,0,0,0,0.0
867,59,0,0,0,0,0,0,0,0,0,0,0.0
868,60,0,0,0,0,0,0,0,0,0,0,0.0
869,61,0,0,0,0,0,0,0,0,0,0,0.0
870,61,0,0,0,0,0,0,0,0,0,0,0.0
871,58,0,0,0,0,0,0,0,0,0,0,0.0
872,58,0,0,0,0,0,0,0,0,0,0,0.0
873,58,0,0,0,0,0,0,0,0,0,0,0.0
874,60,0,0,0,0,0,0,0,0,0,0,0.0
875,58,0,0,0,0,0,0,0,0,0,0,0.0
876,58,0,0,0,0,0,0,0,0,0,0,0.0
877,56,0,0,0,0,0,0,0,0,0,0,0.0
878,58,0,0,0,0,0,0,0,0,0,0,0.0
879,58,0,0,0,0,0,0,0,0,0,0,0.0
880,58,0,0,0,0,0,0,0,0,0,0,0.0
881,59,0,0,0,0,0,0,0,0,0,0,0.0
882,58,0,0,0,0,0,0,0,0,0,0,0.0
883,61,0,0,0,0,0,0,0,0,0,0,0.0
884,58,0,0,0,0,0,0,0,0,0,0,0.0
885,57,0,0,0,0,0,0,0,0,0,0,0.0
886,56,0,0,0,0,0,0,0,0,0,0,0.0
887,60,0,0,0,0,0,0,0,0,0,0,0.0
888,61,0,0,0,0,0,0,0,0,0,0,0.0
889,58,0,0,0,0,0,0,0,0,0,0,0.0
890,58,0,0,0,0,0,0,0,0,0,0,0.0
891,57,0,0,0,0,0,0,0,0,0,0,0.0
892,58,0,0,0,0,0,0,0,0,0,0,0.0
893,57,0,0,0,0,0,0,0,0,0,0,0.0
894,60,0,0,0,0,0,0,0,0,0,0,0.0
895,57,0,0,0,0,0,0,0,0,0,0,0.0
896,57,0,0,0,0,0,0,0,0,0,0,0.0
897,59,0,0,0,0,0,0,0,0,0,0,0.0
898,58,0,0,0,0,0,0,0,0,0,0,0.0
899,59,0,0,0,0,0,0,0,0,0,0,0.0
900,58,0,0,0,0,0,0,0,0,0,0,0.0
901,59,0,0,0,0,0,0,0,0,0,0,0.0
902,62,0,0,0,0,0,0,0,0,0,0,0.0
903,57,0,0,0,0,0,0,0,0,0,0,0.0
904,58,0,0,0,0,0,0,0,0,0,0,0.0
905,60,0,0,0,0,0,0,0,0,0,0,0.0
906,56,0,0,0,0,0,0,0,0,0,0,0.0
907,59,0,0,0,0,0,0,0,0,0,0,0.0
908,56,0,0,0,0,0,0,0,0,0,0,0.0
909,56,0,0,0,0,0,0,0,0,0,0,0.0
910,55,0,0,0,0,0,0,0,0,0,0,0.0
911,57,0,0,0,0,0,0,0,0,0,0,0.0
912,57,0,0,0,0,0,0,0,0,0,0,0.0
913,60,0,0,0,0,0,0,0,0,0,0,0.0
914,62,0,0,0,0,0,0,0,0,0,0,0.0
915,60,0,0,0,0,0,0,0,0,0,0,0.0
916,63,0,0,0,0,0,0,0,0,0,0,0.0
917,58,0,0,0,0,0,0,0,0,0,0,0.0
918,60,0,0,0,0,0,0,0,0,0,0,0.0
919,56,0,0,0,0,0,0,0,0,0,0,0.0
920,56,0,0,0,0,0,0,0,0,0,0,0.0
921,58,0,0,0,0,0,0,0,0,0,0,0.0
922,58,0,0,0,0,0,0,0,0,0,0,0.0
923,60,0,0,0,0,0,0,0,0,0,0,0.0
924,60,0,0,0,0,0,0,0,0,0,0,0.0
925,59,0,0,0,0,0,0,0,0,0,0,0.0
926,57,0,0,0,0,0,0,0,0,0,0,0.0
927,56,0,0,0,0,0,0,0,0,0,0,0.0
928,58,0,0,0,0,0,0,0,0,0,0,0.0
929,58,0,0,0,0,0,0,0,0,0,0,0.0
930,57,0,0,0,0,0,0,0,0,0,0,0.0
931,59,0,0,0,0,0,0,0,0,0,0,0.0
932,64,0,0,0,0,0,0,0,0,0,0,0.0
933,57,0,0,0,0,0,0,0,0,0,0,0.0
934,60,0,0,0,0,0,0,0,0,0,0,0.0
935,57,0,0,0,0,0,0,0,0,0,0,0.0
936,61,0,0,0,0,0,0,0,0,0,0,0.0
937,60,0,0,0,0,0,0,0,0,0,0,0.0
938,57,0,0,0,0,0,0,0,0,0,0,0.0
939,57,0,0,0,0,0,0,0,0,0,0,0.0
940,56,0,0,0,0,0,0,0,0,0,0,0.0
941,59,0,0,0,0,0,0,0,0,0,0,0.0
942,59,0,0,0,0,0,0,0,0,0,0,0.0
943,57,0,0,0,0,0,0,0,0,0,0,0.0
944,58,0,0,0,0,0,0,0,0,0,0,0.0
945,58,0,0,0,0,0,0,0,0,0,0,0.0
946,57,0,0,0,0,0,0,0,0,0,0,0.0
947,56,0,0,0,0,0,0,0,0,0,0,0.0
948,56,0,0,0,0,0,0,0,0,0,0,0.0
949,60,0,0,0,0,0,0,0,0,0,0,0.0
950,63,0,0,0,0,0,0,0,0,0,0,0.0
951,59,0,0,0,0,0,0,0,0,0,0,0.0
952,58,0,0,0,0,0,0,0,0,0,0,0.0
953,57,0,0,0,0,0,0,0,0,0,0,0.0
954,59,0,0,0,0,0,0,0,0,0,0,0.0
955,57,0,0,0,0,0,0,0,0,0,0,0.0
956,61,0,0,0,0,0,0,0,0,0,0,0.0
957,61,0,0,0,0,0,0,0,0,0,0,0.0
958,59,0,0,0,0,0,0,0,0,0,0,0.0
959,56,0,0,0,0,0,0,0,0,0,0,0.0
960,58,0,0,0,0,0,0,0,0,0,0,0.0
961,59,0,0,0,0,0,0,0,0,0,0,0.0
962,58,0,0,0,0,0,0,0,0,0,0,0.0
963,58,0,0,0,0,0,0,0,0,0,0,0.0
964,57,0,0,0,0,0,0,0,0,0,0,0.0
965,56,0,0,0,0,0,0,0,0,0,0,0.0
966,60,0,0,0,0,0,0,0,0,0,0,0.0
967,57,0,0,0,0,0,0,0,0,0,0,0.0
968,56,0,0,0,0,0,0,0,0,0,0,0.0
969,59,0,0,0,0,0,0,0,0,0,0,0.0
970,58,0,0,0,0,0,0,0,0,0,0,0.0
971,59,0,0,0,0,0,0,0,0,0,0,0.0
972,62,0,0,0,0,0,0,0,0,0,0,0.0
973,58,0,0,0,0,0,0,0,0,0,0,0.0
974,56,0,0,0,0,0,0,0,0,0,0,0.0
975,63,0,0,0,0,0,0,0,0,0,0,0.0
976,57,0,0,0,0,0,0,0,0,0,0,0.0
977,63,0,0,0,0,0,0,0,0,0,0,0.0
978,57,0,0,0,0,0,0,0,0,0,0,0.0
979,58,0,0,0,0,0,0,0,0,0,0,0.0
980,61,0,0,0,0,0,0,0,0,0,0,0.0
981,60,0,0,0,0,0,0,0,0,0,0,0.0
982,62,0,0,0,0,0,0,0,0,0,0,0.0
983,60,0,0,0,0,0,0,0,0,0,0,0.0
984,59,0,0,0,0,0,0,0,0,0,0,0.0
985,57,0,0,0,0,0,0,0,0,0,0,0.0
986,60,0,0,0,0,0,0,0,0,0,0,0.0
987,59,0,0,0,0,0,0,0,0,0,0,0.0
988,58,0,0,0,0,0,0,0,0,0,0,0.0
989,56,0,0,0,0,0,0,0,0,0,0,0.0
990,55,0,0,0,0,0,0,0,0,0,0,0.0
991,58,0,0,0,0,0,0,0,0,0,0,0.0
992,55,0,0,0,0,0,0,0,0,0,0,0.0
993,57,0,0,0,0,0,0,0,0,0,0,0.0
994,55,0,0,0,0,0,0,0,0,0,0,0.0
995,54,0,0,0,0,0,0,0,0,0,0,0.0
996,58,0,0,0,0,0,0,0,0,0,0,0.0
997,57,0,0,0,0,0,0,0,0,0,0,0.0
998,54,0,0,0,0,0,0,0,0,0,0,0.0
999,54,0,0,0,0,0,0,0,0,0,0,0.0
1000,54,0,0,0,0,0,0,0,0,0,0,0.0
1001,55,0,0,0,0,0,0,0,0,0,0,0.0
1002,61,0,0,0,0,0,0,0,0,0,0,0.0
1003,55,0,0,0,0,0,0,0,0,0,0,0.0
1004,55,0,0,0,0,0,0,0,0,0,0,0.0
1005,57,0,0,0,0,0,0,0,0,0,0,0.0
1006,54,0,0,0,0,0,0,0,0,0,0,0.0
1007,55,0,0,0,0,0,0,0,0,0,0,0.0
1008,58,0,0,0,0,0,0,0,0,0,0,0.0
1009,57,0,0,0,0,0,0,0,0,0,0,0.0
1010,56,0,0,0,0,0,0,0,0,0,0,0.0
1011,55,0,0,0,0,0,0,0,0,0,0,0.0
1012,54,0,0,0,0,0,0,0,0,0,0,0.0
1013,57,0,0,0,0,0,0,0,0,0,0,0.0
1014,54,0,0,0,0,0,0,0,0,0,0,0.0
1015,55,0,0,0,0,0,0,0,0,0,0,0.0
1016,57,0,0,0,0,0,0,0,0,0,0,0.0
1017,54,0,0,0,0,0,0,0,0,0,0,0.0
1018,58,0,0,0,0,0,0,0,0,0,0,0.0
1019,54,0,0,0,0,0,0,0,0,0,0,0.0
1020,56,0,0,0,0,0,0,0,0,0,0,0.0
1021,56,0,0,0,0,0,0,0,0,0,0,0.0
1022,55,0,0,0,0,0,0,0,0,0,0,0.0
1023,54,0,0,0,0,0,0,0,0,0,0,0.0
1024,57,0,0,0,0,0,0,0,0,0,0,0.0
1025,61,0,0,0,0,0,0,0,0,0,0,0.0
1026,62,0,0,0,0,0,0,0,0,0,0,0.0
1027,58,0,0,0,0,0,0,0,0,0,0,0.0
1028,62,0,0,0,0,0,0,0,0,0,0,0.0
1029,60,0,0,0,0,0,0,0,0,0,0,0.0
1030,60,0,0,0,0,0,0,0,0,0,0,0.0
1031,61,0,0,0,0,0,0,0,0,0,0,0.0
1032,57,0,0,0,0,0,0,0,0,0,0,0.0
1033,56,0,0,0,0,0,0,0,0,0,0,0.0
1034,59,0,0,0,0,0,0,0,0,0,0,0.0
1035,55,0,0,0,0,0,0,0,0,0,0,0.0
1036,55,0,0,0,0,0,0,0,0,0,0,0.0
1037,55,0,0,0,0,0,0,0,0,0,0,0.0
1038,62,0,0,0,0,0,0,0,0,0,0,0.0
1039,61,0,0,0,0,0,0,0,0,0,0,0.0
1040,59,0,0,0,0,0,0,0,0,0,0,0.0
1041,56,0,0,0,0,0,0,0,0,0,0,0.0
1042,54,0,0,0,0,0,0,0,0,0,0,0.0
1043,59,0,0,0,0,0,0,0,0,0,0,0.0
1044,55,0,0,0,0,0,0,0,0,0,0,0.0
1045,56,0,0,0,0,0,0,0,0,0,0,0.0
1046,55,0,0,0,0,0,0,0,0,0,0,0.0
1047,56,0,0,0,0,0,0,0,0,0,0,0.0
1048,55,0,0,0,0,0,0,0,0,0,0,0.0
1049,55,0,0,0,0,0,0,0,0,0,0,0.0
1050,58,0,0,0,0,0,0,0,0,0,0,0.0
1051,59,0,0,0,0,0,0,0,0,0,0,0.0
1052,56,0,0,0,0,0,0,0,0,0,0,0.0
1053,54,0,0,0,0,0,0,0,0,0,0,0.0
1054,57,0,0,0,0,0,0,0,0,0,0,0.0
1055,57,0,0,0,0,0,0,0,0,0,0,0.0
1056,56,0,0,0,0,0,0,0,0,0,0,0.0
1057,61,0,0,0,0,0,0,0,0,0,0,0.0
1058,58,0,0,0,0,0,0,0,0,0,0,0.0
1059,58,0,0,0,0,0,0,0,0,0,0,0.0
1060,59,0,0,0,0,0,0,0,0,0,0,0.0
1061,57,0,0,0,0,0,0,0,0,0,0,0.0
1062,57,0,0,0,0,0,0,0,0,0,0,0.0
1063,56,0,0,0,0,0,0,0,0,0,0,0.0
1064,59,0,0,0,0,0,0,0,0,0,0,0.0
1065,59,0,0,0,0,0,0,0,0,0,0,0.0
1066,58,0,0,0,0,0,0,0,0,0,0,0.0
1067,58,0,0,0,0,0,0,0,0,0,0,0.0
1068,58,0,0,0,0,0,0,0,0,0,0,0.0
1069,63,0,0,0,0,0,0,0,0,0,0,0.0
1070,57,0,0,0,0,0,0,0,0,0,0,0.0
1071,57,0,0,0,0,0,0,0,0,0,0,0.0
1072,58,0,0,0,0,0,0,0,0,0,0,0.0
1073,58,0,0,0,0,0,0,0,0,0,0,0.0
1074,58,0,0,0,0,0,0,0,0,0,0,0.0
1075,57,0,0,0,0,0,0,0,0,0,0,0.0
1076,56,0,0,0,0,0,0,0,0,0,0,0.0
1077,57,0,0,0,0,0,0,0,0,0,0,0.0
1078,59,0,0,0,0,0,0,0,0,0,0,0.0
1079,64,0,0,0,0,0,0,0,0,0,0,0.0
1080,58,0,0,0,0,0,0,0,0,0,0,0.0
1081,56,0,0,0,0,0,0,0,0,0,0,0.0
1082,58,0,0,0,0,0,0,0,0,0,0,0.0
1083,60,0,0,0,0,0,0,0,0,0,0,0.0
1084,56,0,0,0,0,0,0,0,0,0,0,0.0
1085,59,0,0,0,0,0,0,0,0,0,0,0.0
1086,56,0,0,0,0,0,0,0,0,0,0,0.0
1087,60,0,0,0,0,0,0,0,0,0,0,0.0
1088,57,0,0,0,0,0,0,0,0,0,0,0.0
1089,57,0,0,0,0,0,0,0,0,0,0,0.0
1090,60,0,0,0,0,0,0,0,0,0,0,0.0
1091,58,0,0,0,0,0,0,0,0,0,0,0.0
1092,62,0,0,0,0,0,0,0,0,0,0,0.0
1093,59,0,0,0,0,0,0,0,0,0,0,0.0
1094,60,0,0,0,0,0,0,0,0,0,0,0.0
1095,58,0,0,0,0,0,0,0,0,0,0,0.0
1096,58,0,0,0,0,0,0,0,0,0,0,0.0
1097,56,0,0,0,0,0,0,0,0,0,0,0.0
1098,58,0,0,0,0,0,0,0,0,0,0,0.0
1099,60,0,0,0,0,0,0,0,0,0,0,0.0
1100,56,0,0,0,0,0,0,0,0,0,0,0.0
1101,60,0,0,0,0,0,0,0,0,0,0,0.0
1102,58,0,0,0,0,0,0,0,0,0,0,0.0
1103,60,0,0,0,0,0,0,0,0,0,0,0.0
1104,56,0,0,0,0,0,0,0,0,0,0,0.0
1105,60,0,0,0,0,0,0,0,0,0,0,0.0
1106,58,0,0,0,0,0,0,0,0,0,0,0.0
1107,57,0,0,0,0,0,0,0,0,0,0,0.0
1108,57,0,0,0,0,0,0,0,0,0,0,0.0
1109,60,0,0,0,0,0,0,0,0,0,0,0.0
1110,55,0,0,0,0,0,0,0,0,0,0,0.0
1111,59,0,0,0,0,0,0,0,0,0,0,0.0
1112,55,0,0,0,0,0,0,0,0,0,0,0.0
1113,58,0,0,0,0,0,0,0,0,0,0,0.0
1114,59,0,0,0,0,0,0,0,0,0,0,0.0
1115,59,0,0,0,0,0,0,0,0,0,0,0.0
1116,56,0,0,0,0,0,0,0,0,0,0,0.0
1117,56,0,0,0,0,0,0,0,0,0,0,0.0
1118,57,0,0,0,0,0,0,0,0,0,0,0.0
1119,57,0,0,0,0,0,0,0,0,0,0,0.0
1120,56,0,0,0,0,0,0,0,0,0,0,0.0
1121,56,0,0,0,0,0,0,0,0,0,0,0.0
1122,56,0,0,0,0,0,0,0,0,0,0,0.0
1123,57,0,0,0,0,0,0,0,0,0,0,0.0
1124,57,0,0,0,0,0,0,0,0,0,0,0.0
1125,56,0,0,0,0,0,0,0,0,0,0,0.0
1126,59,0,0,0,0,0,0,0,0,0,0,0.0
1127,57,0,0,0,0,0,0,0,0,0,0,0.0
1128,58,0,0,0,0,0,0,0,0,0,0,0.0
1129,58,0,0,0,0,0,0,0,0,0,0,0.0
1130,58,0,0,0,0,0,0,0,0,0,0,0.0
1131,57,0,0,0,0,0,0,0,0,0,0,0.0
1132,56,0,0,0,0,0,0,0,0,0,0,0.0
1133,60,0,0,0,0,0,0,0,0,0,0,0.0
1134,59,0,0,0,0,0,0,0,0,0,0,0.0
1135,56,0,0,0,0,0,0,0,0,0,0,0.0
1136,64,0,0,0,0,0,0,0,0,0,0,0.0
1137,57,0,0,0,0,0,0,0,0,0,0,0.0
1138,56,0,0,0,0,0,0,0,0,0,0,0.0
1139,58,0,0,0,0,0,0,0,0,0,0,0.0
1140,57,0,0,0,0,0,0,0,0,0,0,0.0
1141,58,0,0,0,0,0,0,0,0,0,0,0.0
1142,58,0,0,0,0,0,0,0,0,0,0,0.0
1143,62,0,0,0,0,0,0,0,0,0,0,0.0
1144,60,0,0,0,0,0,0,0,0,0,0,0.0
1145,56,0,0,0,0,0,0,0,0,0,0,0.0
1146,58,0,0,0,0,0,0,0,0,0,0,0.0
1147,60,0,0,0,0,0,0,0,0,0,0,0.0
1148,59,0,0,0,0,0,0,0,0,0,0,0.0
1149,63,0,0,0,0,0,0,0,0,0,0,0.0
1150,56,0,0,0,0,0,0,0,0,0,0,0.0
1151,58,0,0,0,0,0,0,0,0,0,0,0.0
1152,57,0,0,0,0,0,0,0,0,0,0,0.0
1153,59,0,0,0,0,0,0,0,0,0,0,0.0
1154,56,0,0,0,0,0,0,0,0,0,0,0.0
1155,56,0,0,0,0,0,0,0,0,0,0,0.0
1156,60,0,0,0,0,0,0,0,0,0,0,0.0
1157,58,0,0,0,0,0,0,0,0,0,0,0.0
1158,58,0,0,0,0,0,0,0,0,0,0,0.0
1159,56,0,0,0,0,0,0,0,0,0,0,0.0
1160,56,0,0,0,0,0,0,0,0,0,0,0.0
1161,58,0,0,0,0,0,0,0,0,0,0,0.0
1162,64,0,0,0,0,0,0,0,0,0,0,0.0
1163,64,0,0,0,0,0,0,0,0,0,0,0.0
1164,56,0,0,0,0,0,0,0,0,0,0,0.0
1165,59,0,0,0,0,0,0,0,0,0,0,0.0
1166,57,0,0,0,0,0,0,0,0,0,0,0.0
1167,59,0,0,0,0,0,0,0,0,0,0,0.0
1168,59,0,0,0,0,0,0,0,0,0,0,0.0
1169,57,0,0,0,0,0,0,0,0,0,0,0.0
1170,58,0,0,0,0,0,0,0,0,0,0,0.0
1171,57,0,0,0,0,0,0,0,0,0,0,0.0
1172,56,0,0,0,0,0,0,0,0,0,0,0.0
1173,55,0,0,0,0,0,0,0,0,0,0,0.0
1174,61,0,0,0,0,0,0,0,0,0,0,0.0
1175,63,0,0,0,0,0,0,0,0,0,0,0.0
1176,63,0,0,0,0,0,0,0,0,0,0,0.0
1177,59,0,0,0,0,0,0,0,0,0,0,0.0
1178,64,0,0,0,0,0,0,0,0,0,0,0.0
1179,64,0,0,0,0,0,0,0,0,0,0,0.0
1180,60,0,0,0,0,0,0,0,0,0,0,0.0
1181,61,0,0,0,0,0,0,0,0,0,0,0.0
1182,62,0,0,0,0,0,0,0,0,0,0,0.0
1183,61,0,0,0,0,0,0,0,0,0,0,0.0
1184,61,0,0,0,0,0,0,0,0,0,0,0.0
1185,64,0,0,0,0,0,0,0,0,0,0,0.0
1186,57,0,0,0,0,0,0,0,0,0,0,0.0
1187,61,0,0,0,0,0,0,0,0,0,0,0.0
1188,63,0,0,0,0,0,0,0,0,0,0,0.0
1189,60,0,0,0,0,0,0,0,0,0,0,0.0
1190,61,0,0,0,0,0,0,0,0,0,0,0.0
1191,63,0,0,0,0,0,0,0,0,0,0,0.0
1192,62,0,0,0,0,0,0,0,0,0,0,0.0
1193,62,0,0,0,0,0,0,0,0,0,0,0.0
1194,59,0,0,0,0,0,0,0,0,0,0,0.0
1195,63,0,0,0,0,0,0,0,0,0,0,0.0
1196,59,0,0,0,0,0,0,0,0,0,0,0.0
1197,57,0,0,0,0,0,0,0,0,0,0,0.0
1198,57,0,0,0,0,0,0,0,0,0,0,0.0
1199,60,0,0,0,0,0,0,0,0,0,0,0.0
1200,64,0,0,0,0,0,0,0,0,0,0,0.0
1201,64,0,0,0,0,0,0,0,0,0,0,0.0
1202,62,0,0,0,0,0,0,0,0,0,0,0.0
1203,62,0,0,0,0,0,0,0,0,0,0,0.0
1204,62,0,0,0,0,0,0,0,0,0,0,0.0
1205,60,0,0,0,0,0,0,0,0,0,0,0.0
1206,62,0,0,0,0,0,0,0,0,0,0,0.0
1207,64,0,0,0,0,0,0,0,0,0,0,0.0
1208,61,0,0,0,0,0,0,0,0,0,0,0.0
1209,56,0,0,0,0,0,0,0,0,0,0,0.0
1210,62,0,0,0,0,0,0,0,0,0,0,0.0
1211,61,0,0,0,0,0,0,0,0,0,0,0.0
1212,64,0,0,0,0,0,0,0,0,0,0,0.0
1213,61,0,0,0,0,0,0,0,0,0,0,0.0
1214,61,0,0,0,0,0,0,0,0,0,0,0.0
1215,58,0,0,0,0,0,0,0,0,0,0,0.0
1216,56,0,0,0,0,0,0,0,0,0,0,0.0
1217,59,0,0,0,0,0,0,0,0,0,0,0.0
1218,56,0,0,0,0,0,0,0,0,0,0,0.0
1219,59,0,0,0,0,0,0,0,0,0,0,0.0
1220,60,0,0,0,0,0,0,0,0,0,0,0.0
1221,61,0,0,0,0,0,0,0,0,0,0,0.0
1222,58,0,0,0,0,0,0,0,0,0,0,0.0
1223,60,0,0,0,0,0,0,0,0,0,0,0.0
1224,58,0,0,0,0,0,0,0,0,0,0,0.0
1225,58,0,0,0,0,0,0,0,0,0,0,0.0
1226,61,0,0,0,0,0,0,0,0,0,0,0.0
1227,62,0,0,0,0,0,0,0,0,0,0,0.0
1228,63,0,0,0,0,0,0,0,0,0,0,0.0
1229,59,0,0,0,0,0,0,0,0,0,0,0.0
1230,61,0,0,0,0,0,0,0,0,0,0,0.0
1231,61,0,0,0,0,0,0,0,0,0,0,0.0
1232,59,0,0,0,0,0,0,0,0,0,0,0.0
1233,61,0,0,0,0,0,0,0,0,0,0,0.0
1234,60,0,0,0,0,0,0,0,0,0,0,0.0
1235,62,0,0,0,0,0,0,0,0,0,0,0.0
1236,61,0,0,0,0,0,0,0,0,0,0,0.0
1237,61,0,0,0,0,0,0,0,0,0,0,0.0
1238,58,0,0,0,0,0,0,0,0,0,0,0.0
1239,64,0,0,0,0,0,0,0,0,0,0,0.0
1240,61,0,0,0,0,0,0,0,0,0,0,0.0
1241,61,0,0,0,0,0,0,0,0,0,0,0.0
1242,59,0,0,0,0,0,0,0,0,0,0,0.0
1243,60,0,0,0,0,0,0,0,0,0,0,0.0
1244,58,0,0,0,0,0,0,0,0,0,0,0.0
1245,58,0,0,0,0,0,0,0,0,0,0,0.0
1246,59,0,0,0,0,0,0,0,0,0,0,0.0
1247,58,0,0,0,0,0,0,0,0,0,0,0.0
1248,59,0,0,0,0,0,0,0,0,0,0,0.0
1249,58,0,0,0,0,0,0,0,0,0,0,0.0
1250,60,0,0,0,0,0,0,0,0,0,0,0.0
1251,62,0,0,0,0,0,0,0,0,0,0,0.0
1252,59,0,0,0,0,0,0,0,0,0,0,0.0
1253,60,0,0,0,0,0,0,0,0,0,0,0.0
1254,62,0,0,0,0,0,0,0,0,0,0,0.0
1255,60,0,0,0,0,0,0,0,0,0,0,0.0
1256,59,0,0,0,0,0,0,0,0,0,0,0.0
1257,58,0,0,0,0,0,0,0,0,0,0,0.0
1258,59,0,0,0,0,0,0,0,0,0,0,0.0
1259,60,0,0,0,0,0,0,0,0,0,0,0.0
1260,58,0,0,0,0,0,0,0,0,0,0,0.0
1261,59,0,0,0,0,0,0,0,0,0,0,0.0
1262,60,0,0,0,0,0,0,0,0,0,0,0.0
1263,58,0,0,0,0,0,0,0,0,0,0,0.0
1264,59,0,0,0,0,0,0,0,0,0,0,0.0
1265,59,0,0,0,0,0,0,0,0,0,0,0.0
1266,60,0,0,0,0,0,0,0,0,0,0,0.0
1267,60,0,0,0,0,0,0,0,0,0,0,0.0
1268,58,0,0,0,0,0,0,0,0,0,0,0.0
1269,57,0,0,0,0,0,0,0,0,0,0,0.0
1270,56,0,0,0,0,0,0,0,0,0,0,0.0
1271,59,0,0,0,0,0,0,0,0,0,0,0.0
1272,56,0,0,0,0,0,0,0,0,0,0,0.0
1273,63,0,0,0,0,0,0,0,0,0,0,0.0
1274,60,0,0,0,0,0,0,0,0,0,0,0.0
1275,57,0,0,0,0,0,0,0,0,0,0,0.0
1276,58,0,0,0,0,0,0,0,0,0,0,0.0
1277,57,0,0,0,0,0,0,0,0,0,0,0.0
1278,60,0,0,0,0,0,0,0,0,0,0,0.0
1279,63,0,0,0,0,0,0,0,0,0,0,0.0
1280,57,0,0,0,0,0,0,0,0,0,0,0.0
1281,59,0,0,0,0,0,0,0,0,0,0,0.0
1282,58,0,0,0,0,0,0,0,0,0,0,0.0
1283,60,0,0,0,0,0,0,0,0,0,0,0.0
1284,61,0,0,0,0,0,0,0,0,0,0,0.0
1285,58,0,0,0,0,0,0,0,0,0,0,0.0
1286,58,0,0,0,0,0,0,0,0,0,0,0.0
1287,58,0,0,0,0,0,0,0,0,0,0,0.0
1288,62,0,0,0,0,0,0,0,0,0,0,0.0
1289,57,0,0,0,0,0,0,0,0,0,0,0.0
1290,60,0,0,0,0,0,0,0,0,0,0,0.0
1291,58,0,0,0,0,0,0,0,0,0,0,0.0
1292,58,0,0,0,0,0,0,0,0,0,0,0.0
1293,58,0,0,0,0,0,0,0,0,0,0,0.0
1294,58,0,0,0,0,0,0,0,0,0,0,0.0
1295,56,0,0,0,0,0,0,0,0,0,0,0.0
1296,58,0,0,0,0,0,0,0,0,0,0,0.0
1297,59,0,0,0,0,0,0,0,0,0,0,0.0
1298,58,0,0,0,0,0,0,0,0,0,0,0.0
1299,58,0,0,0,0,0,0,0,0,0,0,0.0
1300,58,0,0,0,0,0,0,0,0,0,0,0.0
1301,58,0,0,0,0,0,0,0,0,0,0,0.0
1302,59,0,0,0,0,0,0,0,0,0,0,0.0
1303,59,0,0,0,0,0,0,0,0,0,0,0.0
1304,57,0,0,0,0,0,0,0,0,0,0,0.0
1305,58,0,0,0,0,0,0,0,0,0,0,0.0
1306,57,0,0,0,0,0,0,0,0,0,0,0.0
1307,58,0,0,0,0,0,0,0,0,0,0,0.0
1308,57,0,0,0,0,0,0,0,0,0,0,0.0
1309,56,0,0,0,0,0,0,0,0,0,0,0.0
1310,59,0,0,0,0,0,0,0,0,0,0,0.0
1311,59,0,0,0,0,0,0,0,0,0,0,0.0
1312,59,0,0,0,0,0,0,0,0,0,0,0.0
1313,58,0,0,0,0,0,0,0,0,0,0,0.0
1314,58,0,0,0,0,0,0,0,0,0,0,0.0
1315,58,0,0,0,0,0,0,0,0,0,0,0.0
1316,58,0,0,0,0,0,0,0,0,0,0,0.0
1317,60,0,0,0,0,0,0,0,0,0,0,0.0
1318,58,0,0,0,0,0,0,0,0,0,0,0.0
1319,59,0,0,0,0,0,0,0,0,0,0,0.0
1320,60,0,0,0,0,0,0,0,0,0,0,0.0
1321,59,0,0,0,0,0,0,0,0,0,0,0.0
1322,58,0,0,0,0,0,0,0,0,0,0,0.0
1323,59,0,0,0,0,0,0,0,0,0,0,0.0
1324,58,0,0,0,0,0,0,0,0,0,0,0.0
1325,64,0,0,0,0,0,0,0,0,0,0,0.0
1326,61,0,0,0,0,0,0,0,0,0,0,0.0
1327,57,0,0,0,0,0,0,0,0,0,0,0.0
1328,57,0,0,0,0,0,0,0,0,0,0,0.0
1329,59,0,0,0,0,0,0,0,0,0,0,0.0
1330,60,0,0,0,0,0,0,0,0,0,0,0.0
1331,58,0,0,0,0,0,0,0,0,0,0,0.0
1332,60,0,0,0,0,0,0,0,0,0,0,0.0
1333,63,0,0,0,0,0,0,0,0,0,0,0.0
1334,58,0,0,0,0,0,0,0,0,0,0,0.0
1335,60,0,0,0,0,0,0,0,0,0,0,0.0
1336,60,0,0,0,0,0,0,0,0,0,0,0.0
1337,61,0,0,0,0,0,0,0,0,0,0,0.0
1338,59,0,0,0,0,0,0,0,0,0,0,0.0
1339,58,0,0,0,0,0,0,0,0,0,0,0.0
1340,61,0,0,0,0,0,0,0,0,0,0,0.0
1341,60,0,0,0,0,0,0,0,0,0,0,0.0
1342,62,0,0,0,0,0,0,0,0,0,0,0.0
1343,59,0,0,0,0,0,0,0,0,0,0,0.0
1344,60,0,0,0,0,0,0,0,0,0,0,0.0
1345,64,0,0,0,0,0,0,0,0,0,0,0.0
1346,59,0,0,0,0,0,0,0,0,0,0,0.0
1347,60,0,0,0,0,0,0,0,0,0,0,0.0
1348,58,0,0,0,0,0,0,0,0,0,0,0.0
1349,57,0,0,0,0,0,0,0,0,0,0,0.0
1350,64,0,0,0,0,0,0,0,0,0,0,0.0
1351,59,0,0,0,0,0,0,0,0,0,0,0.0
1352,58,0,0,0,0,0,0,0,0,0,0,0.0
1353,60,0,0,0,0,0,0,0,0,0,0,0.0
1354,57,0,0,0,0,0,0,0,0,0,0,0.0
1355,57,0,0,0,0,0,0,0,0,0,0,0.0
1356,56,0,0,0,0,0,0,0,0,0,0,0.0
1357,56,0,0,0,0,0,0,0,0,0,0,0.0
1358,59,0,0,0,0,0,0,0,0,0,0,0.0
1359,58,0,0,0,0,0,0,0,0,0,0,0.0
1360,58,0,0,0,0,0,0,0,0,0,0,0.0
1361,58,0,0,0,0,0,0,0,0,0,0,0.0
1362,60,0,0,0,0,0,0,0,0,0,0,0.0
1363,60,0,0,0,0,0,0,0,0,0,0,0.0
1364,59,0,0,0,0,0,0,0,0,0,0,0.0
1365,60,0,0,0,0,0,0,0,0,0,0,0.0
1366,60,0,0,0,0,0,0,0,0,0,0,0.0
1367,59,0,0,0,0,0,0,0,0,0,0,0.0
1368,60,0,0,0,0,0,0,0,0,0,0,0.0
1369,55,0,0,0,0,0,0,0,0,0,0,0.0
1370,58,0,0,0,0,0,0,0,0,0,0,0.0
1371,60,0,0,0,0,0,0,0,0,0,0,0.0
1372,59,0,0,0,0,0,0,0,0,0,0,0.0
1373,62,0,0,0,0,0,0,0,0,0,0,0.0
1374,56,0,0,0,0,0,0,0,0,0,0,0.0
1375,56,0,0,0,0,0,0,0,0,0,0,0.0
1376,58,0,0,0,0,0,0,0,0,0,0,0.0
1377,59,0,0,0,0,0,0,0,0,0,0,0.0
1378,59,0,0,0,0,0,0,0,0,0,0,0.0
1379,62,0,0,0,0,0,0,0,0,0,0,0.0
1380,59,0,0,0,0,0,0,0,0,0,0,0.0
1381,58,0,0,0,0,0,0,0,0,0,0,0.0
1382,62,0,0,0,0,0,0,0,0,0,0,0.0
1383,62,0,0,0,0,0,0,0,0,0,0,0.0
1384,58,0,0,0,0,0,0,0,0,0,0,0.0
1385,57,0,0,0,0,0,0,0,0,0,0,0.0
1386,64,0,0,0,0,0,0,0,0,0,0,0.0
1387,55,0,0,0,0,0,0,0,0,0,0,0.0
1388,58,0,0,0,0,0,0,0,0,0,0,0.0
1389,56,0,0,0,0,0,0,0,0,0,0,0.0
1390,57,0,0,0,0,0,0,0,0,0,0,0.0
1391,57,0,0,0,0,0,0,0,0,0,0,0.0
1392,56,0,0,0,0,0,0,0,0,0,0,0.0
1393,59,0,0,0,0,0,0,0,0,0,0,0.0
1394,59,0,0,0,0,0,0,0,0,0,0,0.0
1395,62,0,0,0,0,0,0,0,0,0,0,0.0
1396,62,0,0,0,0,0,0,0,0,0,0,0.0
1397,59,0,0,0,0,0,0,0,0,0,0,0.0
1398,59,0,0,0,0,0,0,0,0,0,0,0.0
1399,58,0,0,0,0,0,0,0,0,0,0,0.0
1400,60,0,0,0,0,0,0,0,0,0,0,0.0
1401,60,0,0,0,0,0,0,0,0,0,0,0.0
1402,59,0,0,0,0,0,0,0,0,0,0,0.0
1403,59,0,0,0,0,0,0,0,0,0,0,0.0
1404,60,0,0,0,0,0,0,0,0,0,0,0.0
1405,62,0,0,0,0,0,0,0,0,0,0,0.0
1406,57,0,0,0,0,0,0,0,0,0,0,0.0
1407,58,0,0,0,0,0,0,0,0,0,0,0.0
1408,54,0,0,0,0,0,0,0,0,0,0,0.0
1409,60,0,0,0,0,0,0,0,0,0,0,0.0
1410,62,0,0,0,0,0,0,0,0,0,0,0.0
1411,60,0,0,0,0,0,0,0,0,0,0,0.0
1412,58,0,0,0,0,0,0,0,0,0,0,0.0
1413,55,0,0,0,0,0,0,0,0,0,0,0.0
1414,57,0,0,0,0,0,0,0,0,0,0,0.0
1415,56,0,0,0,0,0,0,0,0,0,0,0.0
1416,58,0,0,0,0,0,0,0,0,0,0,0.0
1417,62,0,0,0,0,0,0,0,0,0,0,0.0
1418,57,0,0,0,0,0,0,0,0,0,0,0.0
1419,57,0,0,0,0,0,0,0,0,0,0,0.0
1420,59,0,0,0,0,0,0,0,0,0,0,0.0
1421,60,0,0,0,0,0,0,0,0,0,0,0.0
1422,60,0,0,0,0,0,0,0,0,0,0,0.0
1423,59,0,0,0,0,0,0,0,0,0,0,0.0
1424,59,0,0,0,0,0,0,0,0,0,0,0.0
1425,61,0,0,0,0,0,0,0,0,0,0,0.0
1426,60,0,0,0,0,0,0,0,0,0,0,0.0
1427,58,0,0,0,0,0,0,0,0,0,0,0.0
1428,58,0,0,0,0,0,0,0,0,0,0,0.0
1429,62,0,0,0,0,0,0,0,0,0,0,0.0
1430,56,0,0,0,0,0,0,0,0,0,0,0.0
1431,54,0,0,0,0,0,0,0,0,0,0,0.0
1432,55,0,0,0,0,0,0,0,0,0,0,0.0
1433,63,0,0,0,0,0,0,0,0,0,0,0.0
1434,61,0,0,0,0,0,0,0,0,0,0,0.0
1435,56,0,0,0,0,0,0,0,0,0,0,0.0
1436,60,0,0,0,0,0,0,0,0,0,0,0.0
1437,59,0,0,0,0,0,0,0,0,0,0,0.0
1438,58,0,0,0,0,0,0,0,0,0,0,0.0
1439,58,0,0,0,0,0,0,0,0,0,0,0.0
1440,57,0,0,0,0,0,0,0,0,0,0,0.0
1441,55,0,0,0,0,0,0,0,0,0,0,0.0
1442,57,0,0,0,0,0,0,0,0,0,0,0.0
1443,56,0,0,0,0,0,0,0,0,0,0,0.0
1444,57,0,0,0,0,0,0,0,0,0,0,0.0
1445,60,0,0,0,0,0,0,0,0,0,0,0.0
1446,55,0,0,0,0,0,0,0,0,0,0,0.0
1447,57,0,0,0,0,0,0,0,0,0,0,0.0
1448,60,0,0,0,0,0,0,0,0,0,0,0.0
1449,59,0,0,0,0,0,0,0,0,0,0,0.0
1450,57,0,0,0,0,0,0,0,0,0,0,0.0
1451,57,0,0,0,0,0,0,0,0,0,0,0.0
1452,57,0,0,0,0,0,0,0,0,0,0,0.0
1453,58,0,0,0,0,0,0,0,0,0,0,0.0
1454,60,0,0,0,0,0,0,0,0,0,0,0.0
1455,60,0,0,0,0,0,0,0,0,0,0,0.0
1456,62,0,0,0,0,0,0,0,0,0,0,0.0
1457,56,0,0,0,0,0,0,0,0,0,0,0.0
1458,58,0,0,0,0,0,0,0,0,0,0,0.0
1459,58,0,0,0,0,0,0,0,0,0,0,0.0
1460,59,0,0,0,0,0,0,0,0,0,0,0.0
1461,55,0,0,0,0,0,0,0,0,0,0,0.0
1462,62,0,0,0,0,0,0,0,0,0,0,0.0
1463,62,0,0,0,0,0,0,0,0,0,0,0.0
1464,60,0,0,0,0,0,0,0,0,0,0,0.0
1465,64,0,0,0,0,0,0,0,0,0,0,0.0
1466,63,0,0,0,0,0,0,0,0,0,0,0.0
1467,64,0,0,0,0,0,0,0,0,0,0,0.0
1468,59,0,0,0,0,0,0,0,0,0,0,0.0
1469,61,0,0,0,0,0,0,0,0,0,0,0.0
1470,63,0,0,0,0,0,0,0,0,0,0,0.0
1471,63,0,0,0,0,0,0,0,0,0,0,0.0
1472,62,0,0,0,0,0,0,0,0,0,0,0.0
1473,60,0,0,0,0,0,0,0,0,0,0,0.0
1474,63,0,0,0,0,0,0,0,0,0,0,0.0
1475,62,0,0,0,0,0,0,0,0,0,0,0.0
1476,63,0,0,0,0,0,0,0,0,0,0,0.0
1477,64,0,0,0,0,0,0,0,0,0,0,0.0
1478,63,0,0,0,0,0,0,0,0,0,0,0.0
1479,61,0,0,0,0,0,0,0,0,0,0,0.0
1480,60,0,0,0,0,0,0,0,0,0,0,0.0
1481,61,0,0,0,0,0,0,0,0,0,0,0.0
1482,62,0,0,0,0,0,0,0,0,0,0,0.0
1483,62,0,0,0,0,0,0,0,0,0,0,0.0
1484,63,0,0,0,0,0,0,0,0,0,0,0.0
1485,63,0,0,0,0,0,0,0,0,0,0,0.0
1486,63,0,0,0,0,0,0,0,0,0,0,0.0
1487,63,0,0,0,0,0,0,0,0,0,0,0.0
1488,58,0,0,0,0,0,0,0,0,0,0,0.0
1489,62,0,0,0,0,0,0,0,0,0,0,0.0
1490,59,0,0,0,0,0,0,0,0,0,0,0.0
1491,61,0,0,0,0,0,0,0,0,0,0,0.0
1492,63,0,0,0,0,0,0,0,0,0,0,0.0
1493,63,0,0,0,0,0,0,0,0,0,0,0.0
1494,60,0,0,0,0,0,0,0,0,0,0,0.0
1495,62,0,0,0,0,0,0,0,0,0,0,0.0
1496,64,0,0,0,0,0,0,0,0,0,0,0.0
1497,61,0,0,0,0,0,0,0,0,0,0,0.0
1498,55,0,0,0,0,0,0,0,0,0,0,0.0
1499,53,0,0,0,0,0,0,0,0,0,0,0.0
1500,54,0,0,0,0,0,0,0,0,0,0,0.0
1501,55,0,0,0,0,0,0,0,0,0,0,0.0
1502,54,0,0,0,0,0,0,0,0,0,0,0.0
1503,54,0,0,0,0,0,0,0,0,0,0,0.0
1504,60,0,0,0,0,0,0,0,0,0,0,0.0
1505,54,0,0,0,0,0,0,0,0,0,0,0.0
1506,63,0,0,0,0,0,0,0,0,0,0,0.0
1507,53,0,0,0,0,0,0,0,0,0,0,0.0
1508,54,0,0,0,0,0,0,0,0,0,0,0.0
1509,54,0,0,0,0,0,0,0,0,0,0,0.0
1510,53,0,0,0,0,0,0,0,0,0,0,0.0
1511,53,0,0,0,0,0,0,0,0,0,0,0.0
1512,60,0,0,0,0,0,0,0,0,0,0,0.0
1513,54,0,0,0,0,0,0,0,0,0,0,0.0
1514,54,0,0,0,0,0,0,0,0,0,0,0.0
1515,54,0,0,0,0,0,0,0,0,0,0,0.0
1516,53,0,0,0,0,0,0,0,0,0,0,0.0
1517,54,0,0,0,0,0,0,0,0,0,0,0.0
1518,54,0,0,0,0,0,0,0,0,0,0,0.0
1519,63,0,0,0,0,0,0,0,0,0,0,0.0
1520,54,0,0,0,0,0,0,0,0,0,0,0.0
1521,60,0,0,0,0,0,0,0,0,0,0,0.0
1522,54,0,0,0,0,0,0,0,0,0,0,0.0
1523,55,0,0,0,0,0,0,0,0,0,0,0.0
1524,56,0,0,0,0,0,0,0,0,0,0,0.0
1525,54,0,0,0,0,0,0,0,0,0,0,0.0
1526,54,0,0,0,0,0,0,0,0,0,0,0.0
1527,56,0,0,0,0,0,0,0,0,0,0,0.0
1528,55,0,0,0,0,0,0,0,0,0,0,0.0
1529,55,0,0,0,0,0,0,0,0,0,0,0.0
1530,60,0,0,0,0,0,0,0,0,0,0,0.0
1531,54,0,0,0,0,0,0,0,0,0,0,0.0
1532,56,0,0,0,0,0,0,0,0,0,0,0.0
1533,61,0,0,0,0,0,0,0,0,0,0,0.0
1534,64,0,0,0,0,0,0,0,0,0,0,0.0
1535,54,0,0,0,0,0,0,0,0,0,0,0.0
1536,53,0,0,0,0,0,0,0,0,0,0,0.0
1537,54,0,0,0,0,0,0,0,0,0,0,0.0
1538,64,0,0,0,0,0,0,0,0,0,0,0.0
1539,63,0,0,0,0,0,0,0,0,0,0,0.0
1540,64,0,0,0,0,0,0,0,0,0,0,0.0
1541,64,0,0,0,0,0,0,0,0,0,0,0.0
1542,63,0,0,0,0,0,0,0,0,0,0,0.0
1543,59,0,0,0,0,0,0,0,0,0,0,0.0
1544,60,0,0,0,0,0,0,0,0,0,0,0.0
1545,61,0,0,0,0,0,0,0,0,0,0,0.0
1546,64,0,0,0,0,0,0,0,0,0,0,0.0
1547,64,0,0,0,0,0,0,0,0,0,0,0.0
1548,57,0,0,0,0,0,0,0,0,0,0,0.0
1549,63,0,0,0,0,0,0,0,0,0,0,0.0
1550,64,0,0,0,0,0,0,0,0,0,0,0.0
1551,64,0,0,0,0,0,0,0,0,0,0,0.0
1552,61,0,0,0,0,0,0,0,0,0,0,0.0
1553,63,0,0,0,0,0,0,0,0,0,0,0.0
1554,64,0,0,0,0,0,0,0,0,0,0,0.0
1555,61,0,0,0,0,0,0,0,0,0,0,0.0
1556,61,0,0,0,0,0,0,0,0,0,0,0.0
1557,63,0,0,0,0,0,0,0,0,0,0,0.0
1558,63,0,0,0,0,0,0,0,0,0,0,0.0
1559,63,0,0,0,0,0,0,0,0,0,0,0.0
1560,63,0,0,0,0,0,0,0,0,0,0,0.0
1561,61,0,0,0,0,0,0,0,0,0,0,0.0
1562,63,0,0,0,0,0,0,0,0,0,0,0.0
1563,63,0,0,0,0,0,0,0,0,0,0,0.0
1564,64,0,0,0,0,0,0,0,0,0,0,0.0
1565,63,0,0,0,0,0,0,0,0,0,0,0.0
1566,64,0,0,0,0,0,0,0,0,0,0,0.0
1567,62,0,0,0,0,0,0,0,0,0,0,0.0
1568,63,0,0,0,0,0,0,0,0,0,0,0.0
1569,61,0,0,0,0,0,0,0,0,0,0,0.0
1570,63,0,0,0,0,0,0,0,0,0,0,0.0
1571,64,0,0,0,0,0,0,0,0,0,0,0.0
1572,61,0,0,0,0,0,0,0,0,0,0,0.0
1573,62,0,0,0,0,0,0,0,0,0,0,0.0
1574,61,0,0,0,0,0,0,0,0,0,0,0.0
1575,62,0,0,0,0,0,0,0,0,0,0,0.0
1576,63,0,0,0,0,0,0,0,0,0,0,0.0
1577,60,0,0,0,0,0,0,0,0,0,0,0.0
1578,63,0,0,0,0,0,0,0,0,0,0,0.0
1579,62,0,0,0,0,0,0,0,0,0,0,0.0
1580,64,0,0,0,0,0,0,0,0,0,0,0.0
1581,64,0,0,0,0,0,0,0,0,0,0,0.0
1582,63,0,0,0,0,0,0,0,0,0,0,0.0
1583,60,0,0,0,0,0,0,0,0,0,0,0.0
1584,62,0,0,0,0,0,0,0,0,0,0,0.0
1585,58,0,0,0,0,0,0,0,0,0,0,0.0
1586,60,0,0,0,0,0,0,0,0,0,0,0.0
1587,58,0,0,0,0,0,0,0,0,0,0,0.0
1588,59,0,0,0,0,0,0,0,0,0,0,0.0
1589,61,0,0,0,0,0,0,0,0,0,0,0.0
1590,61,0,0,0,0,0,0,0,0,0,0,0.0
1591,60,0,0,0,0,0,0,0,0,0,0,0.0
1592,64,0,0,0,0,0,0,0,0,0,0,0.0
1593,62,0,0,0,0,0,0,0,0,0,0,0.0
1594,63,0,0,0,0,0,0,0,0,0,0,0.0
1595,56,0,0,0,0,0,0,0,0,0,0,0.0
1596,64,0,0,0,0,0,0,0,0,0,0,0.0
1597,62,0,0,0,0,0,0,0,0,0,0,0.0
1598,62,0,0,0,0,0,0,0,0,0,0,0.0
1599,60,0,0,0,0,0,0,0,0,0,0,0.0
1600,62,0,0,0,0,0,0,0,0,0,0,0.0
1601,62,0,0,0,0,0,0,0,0,0,0,0.0
1602,62,0,0,0,0,0,0,0,0,0,0,0.0
1603,61,0,0,0,0,0,0,0,0,0,0,0.0
1604,58,0,0,0,0,0,0,0,0,0,0,0.0
1605,59,0,0,0,0,0,0,0,0,0,0,0.0
1606,58,0,0,0,0,0,0,0,0,0,0,0.0
1607,64,0,0,0,0,0,0,0,0,0,0,0.0
1608,59,0,0,0,0,0,0,0,0,0,0,0.0
1609,59,0,0,0,0,0,0,0,0,0,0,0.0
1610,62,0,0,0,0,0,0,0,0,0,0,0.0
1611,61,0,0,0,0,0,0,0,0,0,0,0.0
1612,62,0,0,0,0,0,0,0,0,0,0,0.0
1613,59,0,0,0,0,0,0,0,0,0,0,0.0
1614,61,0,0,0,0,0,0,0,0,0,0,0.0
1615,58,0,0,0,0,0,0,0,0,0,0,0.0
1616,60,0,0,0,0,0,0,0,0,0,0,0.0
1617,59,0,0,0,0,0,0,0,0,0,0,0.0
1618,57,0,0,0,0,0,0,0,0,0,0,0.0
1619,63,0,0,0,0,0,0,0,0,0,0,0.0
1620,62,0,0,0,0,0,0,0,0,0,0,0.0
1621,63,0,0,0,0,0,0,0,0,0,0,0.0
1622,59,0,0,0,0,0,0,0,0,0,0,0.0
1623,62,0,0,0,0,0,0,0,0,0,0,0.0
1624,60,0,0,0,0,0,0,0,0,0,0,0.0
1625,60,0,0,0,0,0,0,0,0,0,0,0.0
1626,64,0,0,0,0,0,0,0,0,0,0,0.0
1627,61,0,0,0,0,0,0,0,0,0,0,0.0
1628,62,0,0,0,0,0,0,0,0,0,0,0.0
1629,60,0,0,0,0,0,0,0,0,0,0,0.0
1630,63,0,0,0,0,0,0,0,0,0,0,0.0
1631,61,0,0,0,0,0,0,0,0,0,0,0.0
1632,62,0,0,0,0,0,0,0,0,0,0,0.0
1633,61,0,0,0,0,0,0,0,0,0,0,0.0
1634,56,0,0,0,0,0,0,0,0,0,0,0.0
1635,62,0,0,0,0,0,0,0,0,0,0,0.0
1636,63,0,0,0,0,0,0,0,0,0,0,0.0
1637,64,0,0,0,0,0,0,0,0,0,0,0.0
1638,64,0,0,0,0,0,0,0,0,0,0,0.0
1639,64,0,0,0,0,0,0,0,0,0,0,0.0
1640,64,0,0,0,0,0,0,0,0,0,0,0.0
1641,60,0,0,0,0,0,0,0,0,0,0,0.0
1642,62,0,0,0,0,0,0,0,0,0,0,0.0
1643,62,0,0,0,0,0,0,0,0,0,0,0.0
1644,62,0,0,0,0,0,0,0,0,0,0,0.0
1645,59,0,0,0,0,0,0,0,0,0,0,0.0
1646,59,0,0,0,0,0,0,0,0,0,0,0.0
1647,63,0,0,0,0,0,0,0,0,0,0,0.0
1648,60,0,0,0,0,0,0,0,0,0,0,0.0
1649,63,0,0,0,0,0,0,0,0,0,0,0.0
1650,59,0,0,0,0,0,0,0,0,0,0,0.0
1651,63,0,0,0,0,0,0,0,0,0,0,0.0
1652,62,0,0,0,0,0,0,0,0,0,0,0.0
1653,64,0,0,0,0,0,0,0,0,0,0,0.0
1654,55,0,0,0,0,0,0,0,0,0,0,0.0
1655,62,0,0,0,0,0,0,0,0,0,0,0.0
1656,59,0,0,0,0,0,0,0,0,0,0,0.0
1657,60,0,0,0,0,0,0,0,0,0,0,0.0
1658,60,0,0,0,0,0,0,0,0,0,0,0.0
1659,60,0,0,0,0,0,0,0,0,0,0,0.0
1660,64,0,0,0,0,0,0,0,0,0,0,0.0
1661,61,0,0,0,0,0,0,0,0,0,0,0.0
1662,64,0,0,0,0,0,0,0,0,0,0,0.0
1663,60,0,0,0,0,0,0,0,0,0,0,0.0
1664,60,0,0,0,0,0,0,0,0,0,0,0.0
1665,61,0,0,0,0,0,0,0,0,0,0,0.0
1666,60,0,0,0,0,0,0,0,0,0,0,0.0
1667,59,0,0,0,0,0,0,0,0,0,0,0.0
1668,60,0,0,0,0,0,0,0,0,0,0,0.0
1669,60,0,0,0,0,0,0,0,0,0,0,0.0
1670,62,0,0,0,0,0,0,0,0,0,0,0.0
1671,61,0,0,0,0,0,0,0,0,0,0,0.0
1672,59,0,0,0,0,0,0,0,0,0,0,0.0
1673,60,0,0,0,0,0,0,0,0,0,0,0.0
1674,59,0,0,0,0,0,0,0,0,0,0,0.0
1675,63,0,0,0,0,0,0,0,0,0,0,0.0
1676,62,0,0,0,0,0,0,0,0,0,0,0.0
1677,62,0,0,0,0,0,0,0,0,0,0,0.0
1678,61,0,0,0,0,0,0,0,0,0,0,0.0
1679,63,0,0,0,0,0,0,0,0,0,0,0.0
1680,61,0,0,0,0,0,0,0,0,0,0,0.0
1681,60,0,0,0,0,0,0,0,0,0,0,0.0
1682,63,0,0,0,0,0,0,0,0,0,0,0.0
1683,62,0,0,0,0,0,0,0,0,0,0,0.0
1684,59,0,0,0,0,0,0,0,0,0,0,0.0
1685,63,0,0,0,0,0,0,0,0,0,0,0.0
1686,61,0,0,0,0,0,0,0,0,0,0,0.0
1687,64,0,0,0,0,0,0,0,0,0,0,0.0
1688,63,0,0,0,0,0,0,0,0,0,0,0.0
1689,60,0,0,0,0,0,0,0,0,0,0,0.0
1690,60,0,0,0,0,0,0,0,0,0,0,0.0
1691,61,0,0,0,0,0,0,0,0,0,0,0.0
1692,58,0,0,0,0,0,0,0,0,0,0,0.0
1693,60,0,0,0,0,0,0,0,0,0,0,0.0
1694,59,0,0,0,0,0,0,0,0,0,0,0.0
1695,60,0,0,0,0,0,0,0,0,0,0,0.0
1696,58,0,0,0,0,0,0,0,0,0,0,0.0
1697,63,0,0,0,0,0,0,0,0,0,0,0.0
1698,62,0,0,0,0,0,0,0,0,0,0,0.0
1699,62,0,0,0,0,0,0,0,0,0,0,0.0
1700,60,0,0,0,0,0,0,0,0,0,0,0.0
1701,63,0,0,0,0,0,0,0,0,0,0,0.0
1702,59,0,0,0,0,0,0,0,0,0,0,0.0
1703,61,0,0,0,0,0,0,0,0,0,0,0.0
1704,60,0,0,0,0,0,0,0,0,0,0,0.0
1705,59,0,0,0,0,0,0,0,0,0,0,0.0
1706,61,0,0,0,0,0,0,0,0,0,0,0.0
1707,60,0,0,0,0,0,0,0,0,0,0,0.0
1708,59,0,0,0,0,0,0,0,0,0,0,0.0
1709,61,0,0,0,0,0,0,0,0,0,0,0.0
1710,58,0,0,0,0,0,0,0,0,0,0,0.0
1711,61,0,0,0,0,0,0,0,0,0,0,0.0
1712,60,0,0,0,0,0,0,0,0,0,0,0.0
1713,60,0,0,0,0,0,0,0,0,0,0,0.0
1714,63,0,0,0,0,0,0,0,0,0,0,0.0
1715,59,0,0,0,0,0,0,0,0,0,0,0.0
1716,62,0,0,0,0,0,0,0,0,0,0,0.0
1717,60,0,0,0,0,0,0,0,0,0,0,0.0
1718,59,0,0,0,0,0,0,0,0,0,0,0.0
1719,62,0,0,0,0,0,0,0,0,0,0,0.0
1720,63,0,0,0,0,0,0,0,0,0,0,0.0
1721,59,0,0,0,0,0,0,0,0,0,0,0.0
1722,59,0,0,0,0,0,0,0,0,0,0,0.0
1723,61,0,0,0,0,0,0,0,0,0,0,0.0
1724,64,0,0,0,0,0,0,0,0,0,0,0.0
1725,59,0,0,0,0,0,0,0,0,0,0,0.0
1726,64,0,0,0,0,0,0,0,0,0,0,0.0
1727,62,0,0,0,0,0,0,0,0,0,0,0.0
1728,63,0,0,0,0,0,0,0,0,0,0,0.0
1729,62,0,0,0,0,0,0,0,0,0,0,0.0
1730,63,0,0,0,0,0,0,0,0,0,0,0.0
1731,64,0,0,0,0,0,0,0,0,0,0,0.0
1732,63,0,0,0,0,0,0,0,0,0,0,0.0
1733,59,0,0,0,0,0,0,0,0,0,0,0.0
1734,60,0,0,0,0,0,0,0,0,0,0,0.0
1735,60,0,0,0,0,0,0,0,0,0,0,0.0
1736,60,0,0,0,0,0,0,0,0,0,0,0.0
1737,61,0,0,0,0,0,0,0,0,0,0,0.0
1738,54,0,0,0,0,0,0,0,0,0,0,0.0
1739,59,0,0,0,0,0,0,0,0,0,0,0.0
1740,63,0,0,0,0,0,0,0,0,0,0,0.0
1741,59,0,0,0,0,0,0,0,0,0,0,0.0
1742,61,0,0,0,0,0,0,0,0,0,0,0.0
1743,61,0,0,0,0,0,0,0,0,0,0,0.0
1744,57,0,0,0,0,0,0,0,0,0,0,0.0
1745,63,0,0,0,0,0,0,0,0,0,0,0.0
1746,60,0,0,0,0,0,0,0,0,0,0,0.0
1747,65,0,0,0,0,0,0,0,0,0,0,0.0
1748,60,0,0,0,0,0,0,0,0,0,0,0.0
1749,60,0,0,0,0,0,0,0,0,0,0,0.0
1750,62,0,0,0,0,0,0,0,0,0,0,0.0
1751,60,0,0,0,0,0,0,0,0,0,0,0.0
1752,65,0,0,0,0,0,0,0,0,0,0,0.0
1753,60,0,0,0,0,0,0,0,0,0,0,0.0
1754,61,0,0,0,0,0,0,0,0,0,0,0.0
1755,60,0,0,0,0,0,0,0,0,0,0,0.0
1756,56,0,0,0,0,0,0,0,0,0,0,0.0
1757,63,0,0,0,0,0,0,0,0,0,0,0.0
1758,62,0,0,0,0,0,0,0,0,0,0,0.0
1759,63,0,0,0,0,0,0,0,0,0,0,0.0
1760,58,0,0,0,0,0,0,0,0,0,0,0.0
1761,59,0,0,0,0,0,0,0,0,0,0,0.0
1762,60,0,0,0,0,0,0,0,0,0,0,0.0
1763,59,0,0,0,0,0,0,0,0,0,0,0.0
1764,63,0,0,0,0,0,0,0,0,0,0,0.0
1765,61,0,0,0,0,0,0,0,0,0,0,0.0
1766,64,0,0,0,0,0,0,0,0,0,0,0.0
1767,63,0,0,0,0,0,0,0,0,0,0,0.0
1768,58,0,0,0,0,0,0,0,0,0,0,0.0
1769,63,0,0,0,0,0,0,0,0,0,0,0.0
1770,61,0,0,0,0,0,0,0,0,0,0,0.0
1771,65,0,0,0,0,0,0,0,0,0,0,0.0
1772,60,0,0,0,0,0,0,0,0,0,0,0.0
1773,65,0,0,0,0,0,0,0,0,0,0,0.0
1774,61,0,0,0,0,0,0,0,0,0,0,0.0
1775,65,0,0,0,0,0,0,0,0,0,0,0.0
1776,59,0,0,0,0,0,0,0,0,0,0,0.0
1777,57,0,0,0,0,0,0,0,0,0,0,0.0
1778,56,0,0,0,0,0,0,0,0,0,0,0.0
1779,54,0,0,0,0,0,0,0,0,0,0,0.0
1780,61,0,0,0,0,0,0,0,0,0,0,0.0
1781,63,0,0,0,0,0,0,0,0,0,0,0.0
1782,59,0,0,0,0,0,0,0,0,0,0,0.0
1783,62,0,0,0,0,0,0,0,0,0,0,0.0
1784,62,0,0,0,0,0,0,0,0,0,0,0.0
1785,61,0,0,0,0,0,0,0,0,0,0,0.0
1786,60,0,0,0,0,0,0,0,0,0,0,0.0
1787,60,0,0,0,0,0,0,0,0,0,0,0.0
1788,56,0,0,0,0,0,0,0,0,0,0,0.0
1789,58,0,0,0,0,0,0,0,0,0,0,0.0
1790,60,0,0,0,0,0,0,0,0,0,0,0.0
1791,58,0,0,0,0,0,0,0,0,0,0,0.0
1792,58,0,0,0,0,0,0,0,0,0,0,0.0
1793,60,0,0,0,0,0,0,0,0,0,0,0.0
1794,58,0,0,0,0,0,0,0,0,0,0,0.0
1795,60,0,0,0,0,0,0,0,0,0,0,0.0
1796,64,0,0,0,0,0,0,0,0,0,0,0.0
1797,58,0,0,0,0,0,0,0,0,0,0,0.0
1798,65,0,0,0,0,0,0,0,0,0,0,0.0
1799,60,0,0,0,0,0,0,0,0,0,0,0.0
1800,60,0,0,0,0,0,0,0,0,0,0,0.0
1801,59,0,0,0,0,0,0,0,0,0,0,0.0
1802,64,0,0,0,0,0,0,0,0,0,0,0.0
1803,63,0,0,0,0,0,0,0,0,0,0,0.0
1804,60,0,0,0,0,0,0,0,0,0,0,0.0
1805,64,0,0,0,0,0,0,0,0,0,0,0.0
1806,59,0,0,0,0,0,0,0,0,0,0,0.0
1807,62,0,0,0,0,0,0,0,0,0,0,0.0
1808,62,0,0,0,0,0,0,0,0,0,0,0.0
1809,58,0,0,0,0,0,0,0,0,0,0,0.0
1810,58,0,0,0,0,0,0,0,0,0,0,0.0
1811,61,0,0,0,0,0,0,0,0,0,0,0.0
1812,60,0,0,0,0,0,0,0,0,0,0,0.0
1813,61,0,0,0,0,0,0,0,0,0,0,0.0
1814,58,0,0,0,0,0,0,0,0,0,0,0.0
1815,60,0,0,0,0,0,0,0,0,0,0,0.0
1816,59,0,0,0,0,0,0,0,0,0,0,0.0
1817,57,0,0,0,0,0,0,0,0,0,0,0.0
1818,59,0,0,0,0,0,0,0,0,0,0,0.0
1819,62,0,0,0,0,0,0,0,0,0,0,0.0
1820,62,0,0,0,0,0,0,0,0,0,0,0.0
1821,58,0,0,0,0,0,0,0,0,0,0,0.0
1822,61,0,0,0,0,0,0,0,0,0,0,0.0
1823,58,0,0,0,0,0,0,0,0,0,0,0.0
1824,58,0,0,0,0,0,0,0,0,0,0,0.0
1825,59,0,0,0,0,0,0,0,0,0,0,0.0
1826,58,0,0,0,0,0,0,0,0,0,0,0.0
1827,57,0,0,0,0,0,0,0,0,0,0,0.0
1828,59,0,0,0,0,0,0,0,0,0,0,0.0
1829,58,0,0,0,0,0,0,0,0,0,0,0.0
1830,58,0,0,0,0,0,0,0,0,0,0,0.0
1831,59,0,0,0,0,0,0,0,0,0,0,0.0
1832,60,0,0,0,0,0,0,0,0,0,0,0.0
1833,63,0,0,0,0,0,0,0,0,0,0,0.0
1834,62,0,0,0,0,0,0,0,0,0,0,0.0
1835,57,0,0,0,0,0,0,0,0,0,0,0.0
1836,57,0,0,0,0,0,0,0,0,0,0,0.0
1837,59,0,0,0,0,0,0,0,0,0,0,0.0
1838,61,0,0,0,0,0,0,0,0,0,0,0.0
1839,59,0,0,0,0,0,0,0,0,0,0,0.0
1840,58,0,0,0,0,0,0,0,0,0,0,0.0
1841,60,0,0,0,0,0,0,0,0,0,0,0.0
1842,63,0,0,0,0,0,0,0,0,0,0,0.0
1843,58,0,0,0,0,0,0,0,0,0,0,0.0
1844,56,0,0,0,0,0,0,0,0,0,0,0.0
1845,59,0,0,0,0,0,0,0,0,0,0,0.0
1846,59,0,0,0,0,0,0,0,0,0,0,0.0
1847,58,0,0,0,0,0,0,0,0,0,0,0.0
1848,60,0,0,0,0,0,0,0,0,0,0,0.0
1849,65,0,0,0,0,0,0,0,0,0,0,0.0
1850,61,0,0,0,0,0,0,0,0,0,0,0.0
1851,57,0,0,0,0,0,0,0,0,0,0,0.0
1852,59,0,0,0,0,0,0,0,0,0,0,0.0
1853,58,0,0,0,0,0,0,0,0,0,0,0.0
1854,57,0,0,0,0,0,0,0,0,0,0,0.0
1855,59,0,0,0,0,0,0,0,0,0,0,0.0
1856,57,0,0,0,0,0,0,0,0,0,0,0.0
1857,59,0,0,0,0,0,0,0,0,0,0,0.0
1858,57,0,0,0,0,0,0,0,0,0,0,0.0
1859,59,0,0,0,0,0,0,0,0,0,0,0.0
1860,56,0,0,0,0,0,0,0,0,0,0,0.0
1861,58,0,0,0,0,0,0,0,0,0,0,0.0
1862,65,0,0,0,0,0,0,0,0,0,0,0.0
1863,64,0,0,0,0,0,0,0,0,0,0,0.0
1864,61,0,0,0,0,0,0,0,0,0,0,0.0
1865,61,0,0,0,0,0,0,0,0,0,0,0.0
1866,57,0,0,0,0,0,0,0,0,0,0,0.0
1867,61,0,0,0,0,0,0,0,0,0,0,0.0
1868,57,0,0,0,0,0,0,0,0,0,0,0.0
1869,59,0,0,0,0,0,0,0,0,0,0,0.0
1870,59,0,0,0,0,0,0,0,0,0,0,0.0
1871,58,0,0,0,0,0,0,0,0,0,0,0.0
1872,58,0,0,0,0,0,0,0,0,0,0,0.0
1873,61,0,0,0,0,0,0,0,0,0,0,0.0
1874,61,0,0,0,0,0,0,0,0,0,0,0.0
1875,60,0,0,0,0,0,0,0,0,0,0,0.0
1876,58,0,0,0,0,0,0,0,0,0,0,0.0
1877,59,0,0,0,0,0,0,0,0,0,0,0.0
1878,58,0,0,0,0,0,0,0,0,0,0,0.0
1879,59,0,0,0,0,0,0,0,0,0,0,0.0
1880,61,0,0,0,0,0,0,0,0,0,0,0.0
1881,57,0,0,0,0,0,0,0,0,0,0,0.0
1882,58,0,0,0,0,0,0,0,0,0,0,0.0
1883,57,0,0,0,0,0,0,0,0,0,0,0.0
1884,57,0,0,0,0,0,0,0,0,0,0,0.0
1885,58,0,0,0,0,0,0,0,0,0,0,0.0
1886,57,0,0,0,0,0,0,0,0,0,0,0.0
1887,58,0,0,0,0,0,0,0,0,0,0,0.0
1888,58,0,0,0,0,0,0,0,0,0,0,0.0
1889,65,0,0,0,0,0,0,0,0,0,0,0.0
1890,56,0,0,0,0,0,0,0,0,0,0,0.0
1891,62,0,0,0,0,0,0,0,0,0,0,0.0
1892,58,0,0,0,0,0,0,0,0,0,0,0.0
1893,61,0,0,0,0,0,0,0,0,0,0,0.0
1894,64,0,0,0,0,0,0,0,0,0,0,0.0
1895,62,0,0,0,0,0,0,0,0,0,0,0.0
1896,59,0,0,0,0,0,0,0,0,0,0,0.0
1897,60,0,0,0,0,0,0,0,0,0,0,0.0
1898,60,0,0,0,0,0,0,0,0,0,0,0.0
1899,57,0,0,0,0,0,0,0,0,0,0,0.0
1900,59,0,0,0,0,0,0,0,0,0,0,0.0
1901,60,0,0,0,0,0,0,0,0,0,0,0.0
1902,57,0,0,0,0,0,0,0,0,0,0,0.0
1903,60,0,0,0,0,0,0,0,0,0,0,0.0
1904,58,0,0,0,0,0,0,0,0,0,0,0.0
1905,60,0,0,0,0,0,0,0,0,0,0,0.0
1906,58,0,0,0,0,0,0,0,0,0,0,0.0
1907,58,0,0,0,0,0,0,0,0,0,0,0.0
1908,59,0,0,0,0,0,0,0,0,0,0,0.0
1909,59,0,0,0,0,0,0,0,0,0,0,0.0
1910,57,0,0,0,0,0,0,0,0,0,0,0.0
1911,61,0,0,0,0,0,0,0,0,0,0,0.0
1912,59,0,0,0,0,0,0,0,0,0,0,0.0
1913,57,0,0,0,0,0,0,0,0,0,0,0.0
1914,57,0,0,0,0,0,0,0,0,0,0,0.0
1915,65,0,0,0,0,0,0,0,0,0,0,0.0
1916,59,0,0,0,0,0,0,0,0,0,0,0.0
1917,59,0,0,0,0,0,0,0,0,0,0,0.0
1918,61,0,0,0,0,0,0,0,0,0,0,0.0
1919,58,0,0,0,0,0,0,0,0,0,0,0.0
1920,62,0,0,0,0,0,0,0,0,0,0,0.0
1921,60,0,0,0,0,0,0,0,0,0,0,0.0
1922,60,0,0,0,0,0,0,0,0,0,0,0.0
1923,57,0,0,0,0,0,0,0,0,0,0,0.0
1924,61,0,0,0,0,0,0,0,0,0,0,0.0
1925,61,0,0,0,0,0,0,0,0,0,0,0.0
1926,64,0,0,0,0,0,0,0,0,0,0,0.0
1927,65,0,0,0,0,0,0,0,0,0,0,0.0
1928,65,0,0,0,0,0,0,0,0,0,0,0.0
1929,59,0,0,0,0,0,0,0,0,0,0,0.0
1930,65,0,0,0,0,0,0,0,0,0,0,0.0
1931,58,0,0,0,0,0,0,0,0,0,0,0.0
1932,54,0,0,0,0,0,0,0,0,0,0,0.0
1933,60,0,0,0,0,0,0,0,0,0,0,0.0
1934,59,0,0,0,0,0,0,0,0,0,0,0.0
1935,65,0,0,0,0,0,0,0,0,0,0,0.0
1936,60,0,0,0,0,0,0,0,0,0,0,0.0
1937,58,0,0,0,0,0,0,0,0,0,0,0.0
1938,58,0,0,0,0,0,0,0,0,0,0,0.0
1939,58,0,0,0,0,0,0,0,0,0,0,0.0
1940,61,0,0,0,0,0,0,0,0,0,0,0.0
1941,62,0,0,0,0,0,0,0,0,0,0,0.0
1942,63,0,0,0,0,0,0,0,0,0,0,0.0
1943,65,0,0,0,0,0,0,0,0,0,0,0.0
1944,58,0,0,0,0,0,0,0,0,0,0,0.0
1945,58,0,0,0,0,0,0,0,0,0,0,0.0
1946,63,0,0,0,0,0,0,0,0,0,0,0.0
1947,57,0,0,0,0,0,0,0,0,0,0,0.0
1948,64,0,0,0,0,0,0,0,0,0,0,0.0
1949,58,0,0,0,0,0,0,0,0,0,0,0.0
1950,60,0,0,0,0,0,0,0,0,0,0,0.0
1951,57,0,0,0,0,0,0,0,0,0,0,0.0
1952,60,0,0,0,0,0,0,0,0,0,0,0.0
1953,64,0,0,0,0,0,0,0,0,0,0,0.0
1954,58,0,0,0,0,0,0,0,0,0,0,0.0
1955,57,0,0,0,0,0,0,0,0,0,0,0.0
1956,57,0,0,0,0,0,0,0,0,0,0,0.0
1957,59,0,0,0,0,0,0,0,0,0,0,0.0
1958,62,0,0,0,0,0,0,0,0,0,0,0.0
1959,60,0,0,0,0,0,0,0,0,0,0,0.0
1960,57,0,0,0,0,0,0,0,0,0,0,0.0
1961,57,0,0,0,0,0,0,0,0,0,0,0.0
1962,59,0,0,0,0,0,0,0,0,0,0,0.0
1963,63,0,0,0,0,0,0,0,0,0,0,0.0
1964,58,0,0,0,0,0,0,0,0,0,0,0.0
1965,57,0,0,0,0,0,0,0,0,0,0,0.0
1966,57,0,0,0,0,0,0,0,0,0,0,0.0
1967,59,0,0,0,0,0,0,0,0,0,0,0.0
1968,59,0,0,0,0,0,0,0,0,0,0,0.0
1969,64,0,0,0,0,0,0,0,0,0,0,0.0
1970,62,0,0,0,0,0,0,0,0,0,0,0.0
1971,57,0,0,0,0,0,0,0,0,0,0,0.0
1972,58,0,0,0,0,0,0,0,0,0,0,0.0
1973,59,0,0,0,0,0,0,0,0,0,0,0.0
1974,62,0,0,0,0,0,0,0,0,0,0,0.0
1975,57,0,0,0,0,0,0,0,0,0,0,0.0
1976,59,0,0,0,0,0,0,0,0,0,0,0.0
1977,60,0,0,0,0,0,0,0,0,0,0,0.0
1978,60,0,0,0,0,0,0,0,0,0,0,0.0
1979,57,0,0,0,0,0,0,0,0,0,0,0.0
1980,59,0,0,0,0,0,0,0,0,0,0,0.0
1981,62,0,0,0,0,0,0,0,0,0,0,0.0
1982,59,0,0,0,0,0,0,0,0,0,0,0.0
1983,61,0,0,0,0,0,0,0,0,0,0,0.0
1984,59,0,0,0,0,0,0,0,0,0,0,0.0
1985,62,0,0,0,0,0,0,0,0,0,0,0.0
1986,63,0,0,0,0,0,0,0,0,0,0,0.0
1987,57,0,0,0,0,0,0,0,0,0,0,0.0
1988,57,0,0,0,0,0,0,0,0,0,0,0.0
1989,61,0,0,0,0,0,0,0,0,0,0,0.0
1990,59,0,0,0,0,0,0,0,0,0,0,0.0
1991,58,0,0,0,0,0,0,0,0,0,0,0.0
1992,56,0,0,0,0,0,0,0,0,0,0,0.0
1993,62,0,0,0,0,0,0,0,0,0,0,0.0
1994,58,0,0,0,0,0,0,0,0,0,0,0.0
1995,61,0,0,0,0,0,0,0,0,0,0,0.0
1996,56,0,0,0,0,0,0,0,0,0,0,0.0
1997,58,0,0,0,0,0,0,0,0,0,0,0.0
1998,61,0,0,0,0,0,0,0,0,0,0,0.0
1999,60,0,0,0,0,0,0,0,0,0,0,0.0
2000,65,0,0,0,0,0,0,0,0,0,0,0.0
2001,63,0,0,0,0,0,0,0,0,0,0,0.0
2002,58,0,0,0,0,0,0,0,0,0,0,0.0
2003,61,0,0,0,0,0,0,0,0,0,0,0.0
2004,61,0,0,0,0,0,0,0,0,0,0,0.0
2005,58,0,0,0,0,0,0,0,0,0,0,0.0
2006,64,0,0,0,0,0,0,0,0,0,0,0.0
2007,58,0,0,0,0,0,0,0,0,0,0,0.0
2008,59,0,0,0,0,0,0,0,0,0,0,0.0
2009,63,0,0,0,0,0,0,0,0,0,0,0.0
2010,63,0,0,0,0,0,0,0,0,0,0,0.0
2011,57,0,0,0,0,0,0,0,0,0,0,0.0
2012,59,0,0,0,0,0,0,0,0,0,0,0.0
2013,59,0,0,0,0,0,0,0,0,0,0,0.0
2014,58,0,0,0,0,0,0,0,0,0,0,0.0
2015,58,0,0,0,0,0,0,0,0,0,0,0.0
2016,59,0,0,0,0,0,0,0,0,0,0,0.0
2017,59,0,0,0,0,0,0,0,0,0,0,0.0
2018,61,0,0,0,0,0,0,0,0,0,0,0.0
2019,59,0,0,0,0,0,0,0,0,0,0,0.0
2020,63,0,0,0,0,0,0,0,0,0,0,0.0
2021,59,0,0,0,0,0,0,0,0,0,0,0.0
2022,59,0,0,0,0,0,0,0,0,0,0,0.0
2023,60,0,0,0,0,0,0,0,0,0,0,0.0
2024,58,0,0,0,0,0,0,0,0,0,0,0.0
2025,59,0,0,0,0,0,0,0,0,0,0,0.0
2026,63,0,0,0,0,0,0,0,0,0,0,0.0
2027,63,0,0,0,0,0,0,0,0,0,0,0.0
2028,58,0,0,0,0,0,0,0,0,0,0,0.0
2029,61,0,0,0,0,0,0,0,0,0,0,0.0
2030,58,0,0,0,0,0,0,0,0,0,0,0.0
2031,58,0,0,0,0,0,0,0,0,0,0,0.0
2032,64,0,0,0,0,0,0,0,0,0,0,0.0
2033,63,0,0,0,0,0,0,0,0,0,0,0.0
2034,61,0,0,0,0,0,0,0,0,0,0,0.0
2035,61,0,0,0,0,0,0,0,0,0,0,0.0
2036,60,0,0,0,0,0,0,0,0,0,0,0.0
2037,64,0,0,0,0,0,0,0,0,0,0,0.0
2038,58,0,0,0,0,0,0,0,0,0,0,0.0
2039,58,0,0,0,0,0,0,0,0,0,0,0.0
2040,62,0,0,0,0,0,0,0,0,0,0,0.0
2041,59,0,0,0,0,0,0,0,0,0,0,0.0
2042,58,0,0,0,0,0,0,0,0,0,0,0.0
2043,58,0,0,0,0,0,0,0,0,0,0,0.0
2044,60,0,0,0,0,0,0,0,0,0,0,0.0
2045,58,0,0,0,0,0,0,0,0,0,0,0.0
2046,58,0,0,0,0,0,0,0,0,0,0,0.0
2047,64,0,0,0,0,0,0,0,0,0,0,0.0
2048,60,0,0,0,0,0,0,0,0,0,0,0.0
2049,59,0,0,0,0,0,0,0,0,0,0,0.0
2050,59,0,0,0,0,0,0,0,0,0,0,0.0
2051,63,0,0,0,0,0,0,0,0,0,0,0.0
2052,59,0,0,0,0,0,0,0,0,0,0,0.0
2053,61,0,0,0,0,0,0,0,0,0,0,0.0
2054,57,0,0,0,0,0,0,0,0,0,0,0.0
2055,56,0,0,0,0,0,0,0,0,0,0,0.0
2056,63,0,0,0,0,0,0,0,0,0,0,0.0
2057,60,0,0,0,0,0,0,0,0,0,0,0.0
2058,59,0,0,0,0,0,0,0,0,0,0,0.0
2059,59,0,0,0,0,0,0,0,0,0,0,0.0
2060,64,0,0,0,0,0,0,0,0,0,0,0.0
2061,58,0,0,0,0,0,0,0,0,0,0,0.0
2062,60,0,0,0,0,0,0,0,0,0,0,0.0
2063,64,0,0,0,0,0,0,0,0,0,0,0.0
2064,57,0,0,0,0,0,0,0,0,0,0,0.0
2065,60,0,0,0,0,0,0,0,0,0,0,0.0
2066,58,0,0,0,0,0,0,0,0,0,0,0.0
2067,58,0,0,0,0,0,0,0,0,0,0,0.0
2068,60,0,0,0,0,0,0,0,0,0,0,0.0
2069,58,0,0,0,0,0,0,0,0,0,0,0.0
2070,63,0,0,0,0,0,0,0,0,0,0,0.0
2071,58,0,0,0,0,0,0,0,0,0,0,0.0
2072,63,0,0,0,0,0,0,0,0,0,0,0.0
2073,60,0,0,0,0,0,0,0,0,0,0,0.0
2074,60,0,0,0,0,0,0,0,0,0,0,0.0
2075,61,0,0,0,0,0,0,0,0,0,0,0.0
2076,57,0,0,0,0,0,0,0,0,0,0,0.0
2077,60,0,0,0,0,0,0,0,0,0,0,0.0
2078,57,0,0,0,0,0,0,0,0,0,0,0.0
2079,57,0,0,0,0,0,0,0,0,0,0,0.0
2080,59,0,0,0,0,0,0,0,0,0,0,0.0
2081,62,0,0,0,0,0,0,0,0,0,0,0.0
2082,60,0,0,0,0,0,0,0,0,0,0,0.0
2083,62,0,0,0,0,0,0,0,0,0,0,0.0
2084,57,0,0,0,0,0,0,0,0,0,0,0.0
2085,61,0,0,0,0,0,0,0,0,0,0,0.0
2086,58,0,0,0,0,0,0,0,0,0,0,0.0
2087,57,0,0,0,0,0,0,0,0,0,0,0.0
2088,62,0,0,0,0,0,0,0,0,0,0,0.0
2089,62,0,0,0,0,0,0,0,0,0,0,0.0
2090,59,0,0,0,0,0,0,0,0,0,0,0.0
2091,64,0,0,0,0,0,0,0,0,0,0,0.0
2092,63,0,0,0,0,0,0,0,0,0,0,0.0
2093,63,0,0,0,0,0,0,0,0,0,0,0.0
2094,64,0,0,0,0,0,0,0,0,0,0,0.0
2095,59,0,0,0,0,0,0,0,0,0,0,0.0
2096,58,0,0,0,0,0,0,0,0,0,0,0.0
2097,62,0,0,0,0,0,0,0,0,0,0,0.0
2098,63,0,0,0,0,0,0,0,0,0,0,0.0
2099,57,0,0,0,0,0,0,0,0,0,0,0.0
2100,58,0,0,0,0,0,0,0,0,0,0,0.0
2101,59,0,0,0,0,0,0,0,0,0,0,0.0
2102,59,0,0,0,0,0,0,0,0,0,0,0.0
2103,64,0,0,0,0,0,0,0,0,0,0,0.0
2104,62,0,0,0,0,0,0,0,0,0,0,0.0
2105,58,0,0,0,0,0,0,0,0,0,0,0.0
2106,58,0,0,0,0,0,0,0,0,0,0,0.0
2107,63,0,0,0,0,0,0,0,0,0,0,0.0
2108,60,0,0,0,0,0,0,0,0,0,0,0.0
2109,59,0,0,0,0,0,0,0,0,0,0,0.0
2110,65,0,0,0,0,0,0,0,0,0,0,0.0
2111,58,0,0,0,0,0,0,0,0,0,0,0.0
2112,58,0,0,0,0,0,0,0,0,0,0,0.0
2113,60,0,0,0,0,0,0,0,0,0,0,0.0
2114,62,0,0,0,0,0,0,0,0,0,0,0.0
2115,61,0,0,0,0,0,0,0,0,0,0,0.0
2116,58,0,0,0,0,0,0,0,0,0,0,0.0
2117,59,0,0,0,0,0,0,0,0,0,0,0.0
2118,59,0,0,0,0,0,0,0,0,0,0,0.0
2119,63,0,0,0,0,0,0,0,0,0,0,0.0
2120,57,0,0,0,0,0,0,0,0,0,0,0.0
2121,64,0,0,0,0,0,0,0,0,0,0,0.0
2122,64,0,0,0,0,0,0,0,0,0,0,0.0
2123,61,0,0,0,0,0,0,0,0,0,0,0.0
2124,59,0,0,0,0,0,0,0,0,0,0,0.0
2125,58,0,0,0,0,0,0,0,0,0,0,0.0
2126,59,0,0,0,0,0,0,0,0,0,0,0.0
2127,61,0,0,0,0,0,0,0,0,0,0,0.0
2128,60,0,0,0,0,0,0,0,0,0,0,0.0
2129,63,0,0,0,0,0,0,0,0,0,0,0.0
2130,62,0,0,0,0,0,0,0,0,0,0,0.0
2131,60,0,0,0,0,0,0,0,0,0,0,0.0
2132,61,0,0,0,0,0,0,0,0,0,0,0.0
2133,59,0,0,0,0,0,0,0,0,0,0,0.0
2134,65,0,0,0,0,0,0,0,0,0,0,0.0
2135,61,0,0,0,0,0,0,0,0,0,0,0.0
2136,56,0,0,0,0,0,0,0,0,0,0,0.0
2137,61,0,0,0,0,0,0,0,0,0,0,0.0
2138,62,0,0,0,0,0,0,0,0,0,0,0.0
2139,59,0,0,0,0,0,0,0,0,0,0,0.0
2140,57,0,0,0,0,0,0,0,0,0,0,0.0
2141,62,0,0,0,0,0,0,0,0,0,0,0.0
2142,59,0,0,0,0,0,0,0,0,0,0,0.0
2143,60,0,0,0,0,0,0,0,0,0,0,0.0
2144,58,0,0,0,0,0,0,0,0,0,0,0.0
2145,64,0,0,0,0,0,0,0,0,0,0,0.0
2146,61,0,0,0,0,0,0,0,0,0,0,0.0
2147,59,0,0,0,0,0,0,0,0,0,0,0.0
2148,59,0,0,0,0,0,0,0,0,0,0,0.0
